LIID,DIRECTION,SESSION_TYPE,TIME ZONE,CC START TIME,CC END TIME,IRI START TIME,IRI END TIME,DURATION,CALLID ,LOCATION TYPE,LOCATION VALUE,CALL RELEASE REASON,LAT ,LONG,FILE ACTION ATTACH,TARGET MSISDN,TARGET IMSI,TARGET IMEI,TARGET TMSI,TARGET IP,TARGET ALIAS,OP MSISDN,OP IMSI,OP IMEI,OP TMSI,OP IP ADDRESS,SMSC,SMSCONTENT
ff9c88b3-17bc-4182-a3c8-63e1cd15811b,1,SMS,+00:00,01/09/2026 5:24,01/09/2026 5:24,01/09/2026 5:24,01/09/2026 5:24,0:00:00,,CGI,3107-22030,,35.0322,36.2888,,963947586983,417014372051389,352875116214809,,,,963946254727,417016702712870,,,,963940000500,وصلت عالبيت
3d0dc932-c4d7-4259-9192-c8e370eb05e7,0,Voice,+00:00,01/09/2026 5:46,01/09/2026 5:47,01/09/2026 5:46,01/09/2026 5:47,0:00:40,,CGI,3106-22579,16,35.0897,36.1721,,963945373316,417017012885706,867548030398341,,,,963942558061,417011955931542,,,,,
f722c6e3-980a-4f79-888b-e1ad449109b8,1,SMS,+00:00,01/09/2026 5:50,01/09/2026 5:50,01/09/2026 5:50,01/09/2026 5:50,0:00:00,,CGI,3106-22579,,35.0879,36.166,,963948591689,417014199789540,352875111281597,,,,963946421062,417019503366575,,,,963940000500,رد عالتلفون
f3bd3bc2-757c-4a8d-88fd-739ca00844d1,1,SMS,+00:00,01/09/2026 5:52,01/09/2026 5:52,01/09/2026 5:52,01/09/2026 5:52,0:00:00,,CGI,3104-21641,,34.9784,35.8978,,963943137655,417012179971001,356991084485101,,,,963944821540,417017922630257,,,,963940000500,خلص اتفقنا
821183fd-ddc9-4e21-a5d5-f8aa3beaf732,0,SMS,+00:00,01/09/2026 6:43,01/09/2026 6:43,01/09/2026 6:43,01/09/2026 6:43,0:00:00,,CGI,3107-22676,,34.9644,36.0735,,963948957527,417011528711466,356991087634630,,,,963947277784,417018391768490,,,,963940000500,اتصل فيي لما تفضى
30add082-fd23-4f4b-b2d6-ae7f6781f2a8,1,Voice,+00:00,01/09/2026 6:49,01/09/2026 6:50,01/09/2026 6:49,01/09/2026 6:50,0:01:21,,CGI,3103-21471,16,34.9888,35.9674,,963945587023,417019819816493,352875110697967,,,,963949375752,417010429099749,,,,,
8f093db3-e899-4455-bc78-1136d002e8bf,1,SMS,+00:00,01/09/2026 7:41,01/09/2026 7:41,01/09/2026 7:41,01/09/2026 7:41,0:00:00,,CGI,3106-22361,,35.0167,36.2883,,963948141114,417018935510843,358452077867720,,,,963944136838,417016088137703,,,,963940000500,وصلت عالبيت
1a7898b4-14db-41f5-bdc4-9103c678b7fb,0,SMS,+00:00,01/09/2026 7:47,01/09/2026 7:47,01/09/2026 7:47,01/09/2026 7:47,0:00:00,,CGI,3107-22844,,35.0356,35.9797,,963947758023,417019486756567,358452079605078,,,,963941452822,417012466720202,,,,963940000500,رح اتأخر شوي
6847f36a-3fed-4845-a123-9f38d5b21956,1,Voice,+00:00,01/09/2026 8:42,01/09/2026 8:43,01/09/2026 8:42,01/09/2026 8:43,0:01:10,,CGI,3107-22414,16,35.0008,35.9902,,963940754134,417010310408415,869123040964785,,,,963940998084,417015731808808,,,,,
e1d560d7-d7f7-432d-9aea-f7ea0565f41b,0,Voice,+00:00,01/09/2026 8:45,01/09/2026 8:45,01/09/2026 8:45,01/09/2026 8:45,0:00:16,,CGI,3107-22622,16,35.0654,36.258,,963949442375,417019645208782,352875115618109,,,,963940406971,417011575508014,,,,,
30add082-fd23-4f4b-b2d6-ae7f6781f2a8,0,Voice,+00:00,01/09/2026 8:52,01/09/2026 8:52,01/09/2026 8:52,01/09/2026 8:52,0:00:19,,CGI,3106-22579,16,35.0915,36.1718,,963945587023,417019819816493,352875110697967,,,,963948048861,417018889281170,,,,,
09be6dd8-41ef-4b64-bf7e-60fde0ebcd43,1,SMS,+00:00,01/09/2026 8:59,01/09/2026 8:59,01/09/2026 8:59,01/09/2026 8:59,0:00:00,,CGI,3102-21344,,34.9993,36.0444,,963944136838,417016088137703,353289114232822,,,,963949173624,417011860839042,,,,963940000500,جيب معك خبز
728fecd8-0591-457b-b839-bab720f2afaf,0,Voice,+00:00,01/09/2026 9:00,01/09/2026 9:00,01/09/2026 9:00,01/09/2026 9:00,0:00:20,,CGI,3101-21010,16,35.0703,36.3019,Call_1_Two_men_aircon.mp3,9630943700780,417011234567890,353294702931926,,10.30.4.117,,963940952424,417015344104770,869123048645329,,,,
821183fd-ddc9-4e21-a5d5-f8aa3beaf732,0,SMS,+00:00,01/09/2026 9:08,01/09/2026 9:08,01/09/2026 9:08,01/09/2026 9:08,0:00:00,,CGI,3106-22069,,35.0618,36.2344,,963948957527,417011528711466,356991087634630,,,,963948591689,417014199789540,,,,963940000500,شكرا كتير
9043d84f-4251-4fbe-8ded-480c32b1b009,0,SMS,+00:00,01/09/2026 9:18,01/09/2026 9:18,01/09/2026 9:18,01/09/2026 9:18,0:00:00,,CGI,3102-21227,,35.0263,36.0861,,963942213328,417016894494221,352875112734149,,,,963943418570,417018814209003,,,,963940000500,اتصل فيي لما تفضى
1a7898b4-14db-41f5-bdc4-9103c678b7fb,1,SMS,+00:00,01/09/2026 9:35,01/09/2026 9:35,01/09/2026 9:35,01/09/2026 9:35,0:00:00,,CGI,3101-21010,,35.0665,36.3047,,963947758023,417019486756567,358452079605078,,,,963947933283,417011080587754,,,,963940000500,جيب معك خبز
c76fa75d-4dee-4383-b9a4-0f4832786e17,0,SMS,+00:00,01/09/2026 9:37,01/09/2026 9:37,01/09/2026 9:37,01/09/2026 9:37,0:00:00,,CGI,3107-22414,,35.0082,35.9908,,963943636427,417018913218151,354046119931041,,,,963945301596,417018599958688,,,,963940000500,عم استناك
09be6dd8-41ef-4b64-bf7e-60fde0ebcd43,1,SMS,+00:00,01/09/2026 9:37,01/09/2026 9:37,01/09/2026 9:37,01/09/2026 9:37,0:00:00,,CGI,3103-21380,,34.9934,36.0221,,963944136838,417016088137703,353289114232822,,,,963949298757,417016403402345,,,,963940000500,عيد ميلاد سعيد
96dc7ec0-0b89-41f3-a148-136cbb89e0e5,0,Voice,+00:00,01/09/2026 9:56,01/09/2026 9:56,01/09/2026 9:56,01/09/2026 9:56,0:00:26,,CGI,3105-22112,16,34.9799,36.1918,,963945301596,417018599958688,354046110891194,,,,963948211056,417012959963638,,,,,
7df4f6d4-a7e1-4e3e-b181-5b50a5cc85be,0,SMS,+00:00,01/09/2026 10:01,01/09/2026 10:01,01/09/2026 10:01,01/09/2026 10:01,0:00:00,,CGI,3107-22676,,34.9575,36.0767,,963945447315,417018840091971,353289116179500,,,,963941601954,417019586402600,,,,963940000500,رد عالتلفون
728fecd8-0591-457b-b839-bab720f2afaf,0,SMS,+00:00,01/09/2026 10:07,01/09/2026 10:07,01/09/2026 10:07,01/09/2026 10:07,0:00:00,,CGI,3101-21049,,35.0663,36.2861,,9630943700780,417011234567890,353294702931926,,,,963940952424,417015344104770,869123048645329,,,963940000500,طلعت هلأ
8874ea83-6e32-4feb-9e57-d07217532512,1,Voice,+00:00,01/09/2026 10:19,01/09/2026 10:20,01/09/2026 10:19,01/09/2026 10:20,0:00:16,,CGI,3103-21546,16,34.981,35.9342,,963945713879,417014969683889,359024106205401,,,,963941521517,417014920367841,,,,,
c76fa75d-4dee-4383-b9a4-0f4832786e17,0,SMS,+00:00,01/09/2026 10:42,01/09/2026 10:42,01/09/2026 10:42,01/09/2026 10:42,0:00:00,,CGI,3107-22457,,35.0939,36.0194,,963943636427,417018913218151,354046119931041,,,,963946909382,417017225716130,,,,963940000500,صباح الخير
728fecd8-0591-457b-b839-bab720f2afaf,1,Voice,+00:00,01/09/2026 11:02,01/09/2026 11:03,01/09/2026 11:02,01/09/2026 11:03,0:01:14,,CGI,3101-21076,16,35.0688,36.2421,,9630943700780,417011234567890,353294702931926,,,,963949810701,417014628343984,,,,,
5f45bb89-3bd4-411e-8982-9f56fde9bdc1,0,SMS,+00:00,01/09/2026 11:19,01/09/2026 11:19,01/09/2026 11:19,01/09/2026 11:19,0:00:00,,CGI,3102-21344,,34.9961,36.0497,,963943871344,417019954983483,359024100574240,,,,963949298757,417016403402345,,,,963940000500,ما في رصيد
728fecd8-0591-457b-b839-bab720f2afaf,0,SMS,+00:00,01/09/2026 12:15,01/09/2026 12:15,01/09/2026 12:15,01/09/2026 12:15,0:00:00,,CGI,3101-21126,,35.0719,36.2104,,9630943700780,417011234567890,353294702931926,,,,963940952424,417015344104770,869123048645329,,,963940000500,المكيف لسا خربان
eca85536-4f96-4806-be91-19b0affd3187,0,SMS,+00:00,01/09/2026 12:36,01/09/2026 12:36,01/09/2026 12:36,01/09/2026 12:36,0:00:00,,CGI,3102-21322,,34.9858,36.0818,,963942679097,417018848402468,867548034030627,,,,963941677333,417015309640865,,,,963940000500,الله يسلمك
f3794223-0e81-4140-b118-a760cef055cb,0,SMS,+00:00,01/09/2026 12:59,01/09/2026 12:59,01/09/2026 12:59,01/09/2026 12:59,0:00:00,,CGI,3105-22112,,34.9816,36.19,,963944231581,417014083378521,354046116245122,,,,963946053216,417010388557871,,,,963940000500,الكهربا مقطوعة
a6d61102-2f27-4e83-aadf-c5325bd754a5,0,SMS,+00:00,01/09/2026 12:59,01/09/2026 12:59,01/09/2026 12:59,01/09/2026 12:59,0:00:00,,CGI,3107-22030,,35.0333,36.2899,,963949288613,417012535581595,869123049893845,,,,963949256067,417012039211303,,,,963940000500,صباح الخير
728fecd8-0591-457b-b839-bab720f2afaf,0,Voice,+00:00,01/09/2026 13:08,01/09/2026 13:11,01/09/2026 13:08,01/09/2026 13:11,0:02:11,,CGI,3101-21175,16,35.0585,36.1615,,9630943700780,417011234567890,353294702931926,,,,963943071550,417011854564137,353289110676733,,,,
81987214-4c91-40eb-a657-f9a439b1f264,0,Voice,+00:00,01/09/2026 13:19,01/09/2026 13:26,01/09/2026 13:19,01/09/2026 13:26,0:06:14,,CGI,3104-21567,16,34.9821,35.9265,,963949298757,417016403402345,352875112736813,,,,963946421062,417019503366575,,,,,
f390e504-4061-47e4-b6f4-df0ab07a3a59,0,SMS,+00:00,01/09/2026 13:21,01/09/2026 13:21,01/09/2026 13:21,01/09/2026 13:21,0:00:00,,CGI,3104-21567,,34.9865,35.9282,,963942558061,417011955931542,353289114660519,,,,963941845346,417019779993801,,,,963940000500,بشوفك المسا
ff9c88b3-17bc-4182-a3c8-63e1cd15811b,0,Voice,+00:00,01/09/2026 13:25,01/09/2026 13:27,01/09/2026 13:25,01/09/2026 13:27,0:01:32,,CGI,3104-21606,16,34.9743,35.8956,,963947586983,417014372051389,352875116214809,,,,963949298757,417016403402345,,,,,
f3794223-0e81-4140-b118-a760cef055cb,0,Voice,+00:00,01/09/2026 13:33,01/09/2026 13:39,01/09/2026 13:33,01/09/2026 13:39,0:05:40,,CGI,3106-22069,16,35.067,36.2331,,963944231581,417014083378521,354046116245122,,,,963943942970,417016856638798,,,,,
f3bd3bc2-757c-4a8d-88fd-739ca00844d1,1,Voice,+00:00,01/09/2026 13:37,01/09/2026 13:41,01/09/2026 13:37,01/09/2026 13:41,0:03:12,,CGI,3103-21471,16,34.9946,35.9678,,963943137655,417012179971001,356991084485101,,,,963943871344,417019954983483,,,,,
5355e9e6-ef1d-4297-a428-be63a78772d9,1,Voice,+00:00,01/09/2026 13:54,01/09/2026 13:56,01/09/2026 13:54,01/09/2026 13:56,0:02:02,,CGI,3106-22383,16,35.0879,35.9797,,963946421062,417019503366575,359024104485252,,,,963946910761,417011756409564,,,,,
728fecd8-0591-457b-b839-bab720f2afaf,0,SMS,+00:00,01/09/2026 14:00,01/09/2026 14:00,01/09/2026 14:00,01/09/2026 14:00,0:00:00,,CGI,3102-21198,,35.0375,36.1187,,9630943700780,417011234567890,353294702931926,,10.30.4.117,,963940952424,417015344104770,869123048645329,,,963940000500,الطريق زحمة
f390e504-4061-47e4-b6f4-df0ab07a3a59,1,Voice,+00:00,01/09/2026 14:05,01/09/2026 14:06,01/09/2026 14:05,01/09/2026 14:06,0:00:41,,CGI,3107-22844,16,35.0382,35.9801,,963942558061,417011955931542,353289114660519,,,,963943219528,417014127522114,,,,,
30add082-fd23-4f4b-b2d6-ae7f6781f2a8,1,Voice,+00:00,01/09/2026 14:05,01/09/2026 14:06,01/09/2026 14:05,01/09/2026 14:06,0:00:08,,CGI,3106-22579,16,35.0907,36.1719,,963945587023,417019819816493,352875110697967,,,,963949870316,417012956065719,,,,,
8874ea83-6e32-4feb-9e57-d07217532512,0,SMS,+00:00,01/09/2026 14:47,01/09/2026 14:47,01/09/2026 14:47,01/09/2026 14:47,0:00:00,,CGI,3104-21567,,34.9857,35.927,,963945713879,417014969683889,359024106205401,,,,963945956766,417019145278492,,,,963940000500,الكهربا مقطوعة
b4418191-abbf-4748-8d58-84f267d8bab7,0,SMS,+00:00,01/09/2026 14:49,01/09/2026 14:49,01/09/2026 14:49,01/09/2026 14:49,0:00:00,,CGI,3102-21285,,35.0112,36.0986,,963944692663,417015243981054,353289114040373,,,,963940895047,417015491408313,,,,963940000500,عيد ميلاد سعيد
3d9437fd-e002-4b71-950f-d3a8a5174426,0,SMS,+00:00,01/09/2026 15:29,01/09/2026 15:29,01/09/2026 15:29,01/09/2026 15:29,0:00:00,,CGI,3104-21641,,34.9828,35.8948,,963942581064,417018280043325,359024107009299,,,,963940547851,417012370605645,,,,963940000500,الله يسلمك
728fecd8-0591-457b-b839-bab720f2afaf,0,SMS,+00:00,01/09/2026 15:34,01/09/2026 15:34,01/09/2026 15:34,01/09/2026 15:34,0:00:00,,CGI,3102-21227,,35.0247,36.089,,9630943700780,417011234567890,353294702931926,,,,963943071550,417011854564137,353289110676733,,,963940000500,وقفت شوي عند الكازية
f3bd3bc2-757c-4a8d-88fd-739ca00844d1,0,SMS,+00:00,01/09/2026 15:45,01/09/2026 15:45,01/09/2026 15:45,01/09/2026 15:45,0:00:00,,CGI,3107-22030,,35.0347,36.2836,,963943137655,417012179971001,356991084485101,,,,963941645822,417015603391876,,,,963940000500,رد عالتلفون
81999f14-2bdc-4b47-8e79-762471b757c6,0,Voice,+00:00,01/09/2026 16:32,01/09/2026 16:37,01/09/2026 16:32,01/09/2026 16:37,0:04:55,,CGI,3104-21606,16,34.9718,35.8994,,963946053216,417010388557871,352875110662367,,,,963949685972,417016086031833,,,,,
f722c6e3-980a-4f79-888b-e1ad449109b8,1,Voice,+00:00,01/09/2026 16:50,01/09/2026 16:53,01/09/2026 16:50,01/09/2026 16:53,0:02:38,,CGI,3102-21227,16,35.0263,36.0863,,963948591689,417014199789540,352875111281597,,,,963946909382,417017225716130,,,,,
728fecd8-0591-457b-b839-bab720f2afaf,0,Voice,+00:00,01/09/2026 17:21,01/09/2026 17:21,01/09/2026 17:21,01/09/2026 17:21,0:00:48,,CGI,3102-21285,16,35.0147,36.1015,,9630943700780,417011234567890,353294702931926,,,,963942250216,417015483565734,,,,,
6847f36a-3fed-4845-a123-9f38d5b21956,1,Voice,+00:00,01/09/2026 17:28,01/09/2026 17:32,01/09/2026 17:28,01/09/2026 17:32,0:03:35,,CGI,3107-22457,16,35.0943,36.0164,,963940754134,417010310408415,869123040964785,,,,963942174691,417015428172361,,,,,
5aa53d96-1607-4722-aca0-f4c3865e4551,0,Voice,+00:00,01/09/2026 17:39,01/09/2026 17:39,01/09/2026 17:39,01/09/2026 17:39,0:00:13,,CGI,3107-22520,16,35.0066,36.0773,,963947933283,417011080587754,867548033640517,,,,963948231202,417018757037364,,,,,
ff9c88b3-17bc-4182-a3c8-63e1cd15811b,1,SMS,+00:00,01/09/2026 18:58,01/09/2026 18:58,01/09/2026 18:58,01/09/2026 18:58,0:00:00,,CGI,3106-22069,,35.067,36.2357,,963947586983,417014372051389,352875116214809,,,,963942558061,417011955931542,,,,963940000500,وصلت عالبيت
7df4f6d4-a7e1-4e3e-b181-5b50a5cc85be,0,Voice,+00:00,01/09/2026 19:10,01/09/2026 19:10,01/09/2026 19:10,01/09/2026 19:10,0:00:11,,CGI,3107-22676,16,34.9611,36.0764,,963945447315,417018840091971,353289116179500,,,,963948048861,417018889281170,,,,,
728fecd8-0591-457b-b839-bab720f2afaf,0,SMS,+00:00,01/09/2026 19:46,01/09/2026 19:46,01/09/2026 19:46,01/09/2026 19:46,0:00:00,,CGI,3102-21322,,34.9873,36.0814,,9630943700780,417011234567890,353294702931926,,,,963940952424,417015344104770,869123048645329,,,963940000500,رح نام هون الليلة
6847f36a-3fed-4845-a123-9f38d5b21956,0,Voice,+00:00,01/09/2026 20:07,01/09/2026 20:14,01/09/2026 20:07,01/09/2026 20:14,0:06:44,,CGI,3107-22457,16,35.0924,36.0159,,963940754134,417010310408415,869123040964785,,,,963948211056,417012959963638,,,,,
155961c3-a2f7-4f23-9694-927e59b3d858,1,SMS,+00:00,01/09/2026 20:43,01/09/2026 20:43,01/09/2026 20:43,01/09/2026 20:43,0:00:00,,CGI,3107-22622,,35.0655,36.2627,,963946123682,417017474005709,358452075004169,,,,963946885582,417019940405761,,,,963940000500,شكرا كتير
1a7898b4-14db-41f5-bdc4-9103c678b7fb,1,SMS,+00:00,01/09/2026 20:47,01/09/2026 20:47,01/09/2026 20:47,01/09/2026 20:47,0:00:00,,CGI,3107-22844,,35.0377,35.981,,963947758023,417019486756567,358452079605078,,,,963944016702,417018114279395,,,,963940000500,صباح الخير
1a7898b4-14db-41f5-bdc4-9103c678b7fb,1,Voice,+00:00,01/09/2026 20:51,01/09/2026 20:51,01/09/2026 20:51,01/09/2026 20:51,0:00:14,,CGI,3107-22844,16,35.0393,35.9741,,963947758023,417019486756567,358452079605078,,,,963942366332,417013909497547,,,,,
6847f36a-3fed-4845-a123-9f38d5b21956,0,SMS,+00:00,01/09/2026 20:54,01/09/2026 20:54,01/09/2026 20:54,01/09/2026 20:54,0:00:00,,CGI,3107-22414,,35.0054,35.996,,963940754134,417010310408415,869123040964785,,,,963946763038,417018760929889,,,,963940000500,بشوفك المسا
190b2560-729e-4dcf-83b8-d7c6749eb068,1,SMS,+00:00,01/09/2026 21:21,01/09/2026 21:21,01/09/2026 21:21,01/09/2026 21:21,0:00:00,,CGI,3107-22457,,35.0948,36.0157,,963946809321,417018688188439,354046112025734,,,,963947397000,417011679497761,,,,963940000500,رح اتأخر شوي
b865af7a-2d14-4836-bf06-007602992b99,1,SMS,+00:00,01/09/2026 21:50,01/09/2026 21:50,01/09/2026 21:50,01/09/2026 21:50,0:00:00,,CGI,3107-22457,,35.0964,36.0185,,963948211056,417012959963638,354046113411784,,,,963941606132,417018883973357,,,,963940000500,الكهربا مقطوعة
eca85536-4f96-4806-be91-19b0affd3187,1,Voice,+00:00,01/09/2026 22:07,01/09/2026 22:11,01/09/2026 22:07,01/09/2026 22:11,0:03:49,,CGI,3102-21322,16,34.9899,36.0777,,963942679097,417018848402468,867548034030627,,,,963942558061,417011955931542,,,,,
4587d358-edcd-425a-9ee6-6a6daff5cc93,0,SMS,+00:00,01/09/2026 22:42,01/09/2026 22:42,01/09/2026 22:42,01/09/2026 22:42,0:00:00,,CGI,3106-22747,,35.0475,36.0363,,963945290322,417018348025420,352875113425879,,,,963940547851,417012370605645,,,,963940000500,عيد ميلاد سعيد
155961c3-a2f7-4f23-9694-927e59b3d858,0,SMS,+00:00,01/09/2026 23:22,01/09/2026 23:22,01/09/2026 23:22,01/09/2026 23:22,0:00:00,,CGI,3107-22622,,35.0616,36.263,,963946123682,417017474005709,358452075004169,,,,963943636427,417018913218151,,,,963940000500,رد عالتلفون
f3bd3bc2-757c-4a8d-88fd-739ca00844d1,1,SMS,+00:00,02/09/2026 5:24,02/09/2026 5:24,02/09/2026 5:24,02/09/2026 5:24,0:00:00,,CGI,3104-21641,,34.9832,35.8913,,963943137655,417012179971001,356991084485101,,,,963941606132,417018883973357,,,,963940000500,شو الأخبار؟
2e0704ed-31a5-45b0-91e2-ed4efb5e78d3,1,SMS,+00:00,02/09/2026 5:48,02/09/2026 5:48,02/09/2026 5:48,02/09/2026 5:48,0:00:00,,CGI,3106-22069,,35.0642,36.238,,963942146010,417011852306666,356991081665267,,,,963945713879,417014969683889,,,,963940000500,الكهربا مقطوعة
9043d84f-4251-4fbe-8ded-480c32b1b009,1,Voice,+00:00,02/09/2026 6:06,02/09/2026 6:06,02/09/2026 6:06,02/09/2026 6:06,0:00:13,,CGI,3102-21227,16,35.0241,36.087,,963942213328,417016894494221,352875112734149,,,,963946123682,417017474005709,,,,,
0e3f7c3d-ce57-4356-a827-955246d2e4e4,0,Voice,+00:00,02/09/2026 6:06,02/09/2026 6:08,02/09/2026 6:06,02/09/2026 6:08,0:01:50,,CGI,3103-21471,16,34.9915,35.9653,,963945446942,417017614845374,354046114008308,,,,963942558061,417011955931542,,,,,
728fecd8-0591-457b-b839-bab720f2afaf,1,Voice,+00:00,02/09/2026 6:12,02/09/2026 6:14,02/09/2026 6:12,02/09/2026 6:14,0:01:36,,CGI,3102-21344,16,34.9969,36.047,,9630943700780,417011234567890,353294702931926,,,,963943071550,417011854564137,353289110676733,,,,
1b0d42aa-2234-4457-a6c3-62e3108cf9db,0,Voice,+00:00,02/09/2026 6:17,02/09/2026 6:23,02/09/2026 6:17,02/09/2026 6:23,0:06:32,,CGI,3105-22181,16,35.024,36.0344,,963940406971,417011575508014,359024104803397,,,,963948715943,417018017583708,,,,,
4587d358-edcd-425a-9ee6-6a6daff5cc93,1,SMS,+00:00,02/09/2026 6:27,02/09/2026 6:27,02/09/2026 6:27,02/09/2026 6:27,0:00:00,,CGI,3102-21322,,34.9911,36.0813,,963945290322,417018348025420,352875113425879,,,,963940827586,417017987986620,,,,963940000500,شكرا كتير
190b2560-729e-4dcf-83b8-d7c6749eb068,1,SMS,+00:00,02/09/2026 6:41,02/09/2026 6:41,02/09/2026 6:41,02/09/2026 6:41,0:00:00,,CGI,3107-22457,,35.0924,36.0175,,963946809321,417018688188439,354046112025734,,,,963945956766,417019145278492,,,,963940000500,عم استناك
6847f36a-3fed-4845-a123-9f38d5b21956,1,SMS,+00:00,02/09/2026 7:03,02/09/2026 7:03,02/09/2026 7:03,02/09/2026 7:03,0:00:00,,CGI,3103-21380,,34.9898,36.02,,963940754134,417010310408415,869123040964785,,,,963949674869,417013376804725,,,,963940000500,رح اتأخر شوي
728fecd8-0591-457b-b839-bab720f2afaf,0,SMS,+00:00,02/09/2026 7:28,02/09/2026 7:28,02/09/2026 7:28,02/09/2026 7:28,0:00:00,,CGI,3103-21380,,34.9934,36.0203,,9630943700780,417011234567890,353294702931926,,,,963940952424,417015344104770,869123048645329,,,963940000500,صحيت وماشي
3c02efe5-8f8d-49ce-aedd-eae9cfdcb477,0,SMS,+00:00,02/09/2026 7:59,02/09/2026 7:59,02/09/2026 7:59,02/09/2026 7:59,0:00:00,,CGI,3104-21641,,34.9799,35.8947,,963947397000,417011679497761,353289112665627,,,,963943958164,417017840565303,,,,963940000500,جيب معك خبز
3d0dc932-c4d7-4259-9192-c8e370eb05e7,1,SMS,+00:00,02/09/2026 9:08,02/09/2026 9:08,02/09/2026 9:08,02/09/2026 9:08,0:00:00,,CGI,3107-22622,,35.0632,36.2587,,963945373316,417017012885706,867548030398341,,,,963947758023,417019486756567,,,,963940000500,وينك؟
728fecd8-0591-457b-b839-bab720f2afaf,0,SMS,+00:00,02/09/2026 9:10,02/09/2026 9:10,02/09/2026 9:10,02/09/2026 9:10,0:00:00,,CGI,3103-21410,,34.9969,36.0073,,9630943700780,417011234567890,353294702931926,,10.30.4.117,,963940952424,417015344104770,869123048645329,,,963940000500,كمّلت عالطريق
0e3f7c3d-ce57-4356-a827-955246d2e4e4,1,SMS,+00:00,02/09/2026 9:25,02/09/2026 9:25,02/09/2026 9:25,02/09/2026 9:25,0:00:00,,CGI,3101-21076,,35.0667,36.2455,,963945446942,417017614845374,354046114008308,,,,963949298757,417016403402345,,,,963940000500,مسا الخير
728fecd8-0591-457b-b839-bab720f2afaf,0,Voice,+00:00,02/09/2026 10:05,02/09/2026 10:09,02/09/2026 10:05,02/09/2026 10:09,0:03:32,,CGI,3103-21471,16,34.9916,35.9671,,9630943700780,417011234567890,353294702931926,,,,963941739473,417019835894122,,,,,
1a7898b4-14db-41f5-bdc4-9103c678b7fb,1,Voice,+00:00,02/09/2026 10:12,02/09/2026 10:12,02/09/2026 10:12,02/09/2026 10:12,0:00:08,,CGI,3101-21049,16,35.0665,36.2869,,963947758023,417019486756567,358452079605078,,,,963949870316,417012956065719,,,,,
72c650fe-1ef7-42c9-9337-6699806267d0,0,SMS,+00:00,02/09/2026 10:19,02/09/2026 10:19,02/09/2026 10:19,02/09/2026 10:19,0:00:00,,CGI,3106-22747,,35.045,36.0358,,963948392313,417011944131148,869123046104220,,,,963942698367,417018878079078,,,,963940000500,وينك؟
5355e9e6-ef1d-4297-a428-be63a78772d9,1,SMS,+00:00,02/09/2026 10:20,02/09/2026 10:20,02/09/2026 10:20,02/09/2026 10:20,0:00:00,,CGI,3106-22361,,35.0181,36.286,,963946421062,417019503366575,359024104485252,,,,963948141114,417018935510843,,,,963940000500,رد عالتلفون
5f1e0dad-ef52-429c-a400-870f7a001f3f,1,Voice,+00:00,02/09/2026 10:24,02/09/2026 10:25,02/09/2026 10:24,02/09/2026 10:25,0:00:27,,CGI,3106-22383,16,35.0851,35.9846,,963940672939,417014696258210,356991085983252,,,,963943958164,417017840565303,,,,,
81987214-4c91-40eb-a657-f9a439b1f264,0,Voice,+00:00,02/09/2026 10:46,02/09/2026 10:53,02/09/2026 10:46,02/09/2026 10:53,0:06:50,,CGI,3107-22536,16,35.089,36.0823,,963949298757,417016403402345,352875112736813,,,,963942558061,417011955931542,,,,,
1243aa0d-e372-46fc-840d-aa1b655157a9,0,SMS,+00:00,02/09/2026 10:55,02/09/2026 10:55,02/09/2026 10:55,02/09/2026 10:55,0:00:00,,CGI,3107-22275,,34.9522,36.1238,,963949256067,417012039211303,359024106523316,,,,963947348523,417017890820181,,,,963940000500,شكرا كتير
728fecd8-0591-457b-b839-bab720f2afaf,0,SMS,+00:00,02/09/2026 11:02,02/09/2026 11:02,02/09/2026 11:02,02/09/2026 11:02,0:00:00,,CGI,3103-21495,,34.9804,35.951,,9630943700780,417011234567890,353294702931926,,,,963940952424,417015344104770,869123048645329,,,963940000500,قرّبت
4587d358-edcd-425a-9ee6-6a6daff5cc93,0,Voice,+00:00,02/09/2026 11:04,02/09/2026 11:05,02/09/2026 11:04,02/09/2026 11:05,0:00:32,,CGI,3102-21322,16,34.984,36.078,,963945290322,417018348025420,352875113425879,,,,963941770166,417010302133101,,,,,
0e3f7c3d-ce57-4356-a827-955246d2e4e4,0,SMS,+00:00,02/09/2026 11:06,02/09/2026 11:06,02/09/2026 11:06,02/09/2026 11:06,0:00:00,,CGI,3103-21471,,34.9906,35.9647,,963945446942,417017614845374,354046114008308,,,,963940754134,417010310408415,,,,963940000500,رح اتأخر شوي
e1d560d7-d7f7-432d-9aea-f7ea0565f41b,1,Voice,+00:00,02/09/2026 11:18,02/09/2026 11:18,02/09/2026 11:18,02/09/2026 11:18,0:00:12,,CGI,3107-22676,16,34.9627,36.0729,,963949442375,417019645208782,352875115618109,,,,963942698367,417018878079078,,,,,
f3794223-0e81-4140-b118-a760cef055cb,1,Voice,+00:00,02/09/2026 11:22,02/09/2026 11:28,02/09/2026 11:22,02/09/2026 11:28,0:05:35,,CGI,3106-22069,16,35.0665,36.2396,,963944231581,417014083378521,354046116245122,,,,963943219528,417014127522114,,,,,
728fecd8-0591-457b-b839-bab720f2afaf,1,Voice,+00:00,02/09/2026 11:57,02/09/2026 11:58,02/09/2026 11:57,02/09/2026 11:58,0:00:37,,CGI,3103-21546,16,34.9848,35.9369,,9630943700780,417011234567890,353294702931926,,,,963943071550,417011854564137,353289110676733,,,,
190b2560-729e-4dcf-83b8-d7c6749eb068,1,SMS,+00:00,02/09/2026 12:03,02/09/2026 12:03,02/09/2026 12:03,02/09/2026 12:03,0:00:00,,CGI,3105-22112,,34.9865,36.1908,,963946809321,417018688188439,354046112025734,,,,963948715943,417018017583708,,,,963940000500,صباح الخير
5f45bb89-3bd4-411e-8982-9f56fde9bdc1,0,SMS,+00:00,02/09/2026 12:04,02/09/2026 12:04,02/09/2026 12:04,02/09/2026 12:04,0:00:00,,CGI,3102-21344,,34.9946,36.0464,,963943871344,417019954983483,359024100574240,,,,963948211056,417012959963638,,,,963940000500,حاضر
48ce0c9e-3aee-4250-b873-74d7f55cdf3f,1,SMS,+00:00,02/09/2026 12:28,02/09/2026 12:28,02/09/2026 12:28,02/09/2026 12:28,0:00:00,,CGI,3106-22383,,35.0829,35.9827,,963943418570,417018814209003,354046116559647,,,,963940998084,417015731808808,,,,963940000500,الله يسلمك
728fecd8-0591-457b-b839-bab720f2afaf,0,SMS,+00:00,02/09/2026 12:48,02/09/2026 12:48,02/09/2026 12:48,02/09/2026 12:48,0:00:00,,CGI,3104-21567,,34.9836,35.9293,,9630943700780,417011234567890,353294702931926,,,,963940952424,417015344104770,869123048645329,,,963940000500,وين بالضبط؟
1a7898b4-14db-41f5-bdc4-9103c678b7fb,1,SMS,+00:00,02/09/2026 12:59,02/09/2026 12:59,02/09/2026 12:59,02/09/2026 12:59,0:00:00,,CGI,3101-21010,,35.0732,36.3036,,963947758023,417019486756567,358452079605078,,,,963941645822,417015603391876,,,,963940000500,تمام الحمد لله
9043d84f-4251-4fbe-8ded-480c32b1b009,0,SMS,+00:00,02/09/2026 13:04,02/09/2026 13:04,02/09/2026 13:04,02/09/2026 13:04,0:00:00,,CGI,3106-22704,,35.0609,36.1703,,963942213328,417016894494221,352875112734149,,,,963941521517,417014920367841,,,,963940000500,خلص اتفقنا
1b0fe5d1-7a4a-4c52-af0e-8e155d1ead24,1,SMS,+00:00,02/09/2026 13:15,02/09/2026 13:15,02/09/2026 13:15,02/09/2026 13:15,0:00:00,,CGI,3107-22536,,35.0891,36.0749,,963941770166,417010302133101,867548039382023,,,,963945301596,417018599958688,,,,963940000500,عم استناك
4587d358-edcd-425a-9ee6-6a6daff5cc93,1,SMS,+00:00,02/09/2026 13:29,02/09/2026 13:29,02/09/2026 13:29,02/09/2026 13:29,0:00:00,,CGI,3102-21322,,34.9859,36.0802,,963945290322,417018348025420,352875113425879,,,,963942698367,417018878079078,,,,963940000500,شو الأخبار؟
8f093db3-e899-4455-bc78-1136d002e8bf,1,Voice,+00:00,02/09/2026 13:33,02/09/2026 13:35,02/09/2026 13:33,02/09/2026 13:35,0:01:25,,CGI,3105-22294,16,34.9606,36.1629,,963948141114,417018935510843,358452077867720,,,,963940998084,417015731808808,,,,,
728fecd8-0591-457b-b839-bab720f2afaf,0,SMS,+00:00,02/09/2026 13:33,02/09/2026 13:33,02/09/2026 13:33,02/09/2026 13:33,0:00:00,,CGI,3104-21606,,34.9754,35.8965,,9630943700780,417011234567890,353294702931926,,,,963940952424,417015344104770,869123048645329,,,963940000500,وصلت
d33ee36f-444c-4e06-896a-e9a133eff654,1,SMS,+00:00,02/09/2026 13:46,02/09/2026 13:46,02/09/2026 13:46,02/09/2026 13:46,0:00:00,,CGI,3107-22844,,35.0369,35.9771,,963942174691,417015428172361,352875113723083,,,,963945018146,417011431172670,,,,963940000500,عم استناك
728fecd8-0591-457b-b839-bab720f2afaf,0,Voice,+00:00,02/09/2026 14:01,02/09/2026 14:01,02/09/2026 14:01,02/09/2026 14:01,0:00:24,,CGI,3104-21641,16,34.9818,35.895,Call_2_Two_Men_Farsi.mp3,9630943700780,417011234567890,353294702931926,,10.30.4.117,,963940952424,417015344104770,869123048645329,,,,
8874ea83-6e32-4feb-9e57-d07217532512,0,SMS,+00:00,02/09/2026 14:44,02/09/2026 14:44,02/09/2026 14:44,02/09/2026 14:44,0:00:00,,CGI,3104-21567,,34.9869,35.932,,963945713879,417014969683889,359024106205401,,,,963948358121,417011941381868,,,,963940000500,شو الأخبار؟
a6d61102-2f27-4e83-aadf-c5325bd754a5,1,SMS,+00:00,02/09/2026 14:45,02/09/2026 14:45,02/09/2026 14:45,02/09/2026 14:45,0:00:00,,CGI,3106-22069,,35.0686,36.2362,,963949288613,417012535581595,869123049893845,,,,963946809321,417018688188439,,,,963940000500,حاضر
f3bd3bc2-757c-4a8d-88fd-739ca00844d1,1,SMS,+00:00,02/09/2026 16:10,02/09/2026 16:10,02/09/2026 16:10,02/09/2026 16:10,0:00:00,,CGI,3103-21471,,34.9907,35.9652,,963943137655,417012179971001,356991084485101,,,,963949870316,417012956065719,,,,963940000500,صباح الخير
d33ee36f-444c-4e06-896a-e9a133eff654,0,Voice,+00:00,02/09/2026 16:17,02/09/2026 16:17,02/09/2026 16:17,02/09/2026 16:17,0:00:51,,CGI,3106-22361,16,35.0181,36.2898,,963942174691,417015428172361,352875113723083,,,,963947758023,417019486756567,,,,,
1243aa0d-e372-46fc-840d-aa1b655157a9,0,SMS,+00:00,02/09/2026 16:57,02/09/2026 16:57,02/09/2026 16:57,02/09/2026 16:57,0:00:00,,CGI,3105-22294,,34.9623,36.1631,,963949256067,417012039211303,359024106523316,,,,963949870316,417012956065719,,,,963940000500,الله يسلمك
09be6dd8-41ef-4b64-bf7e-60fde0ebcd43,0,SMS,+00:00,02/09/2026 17:00,02/09/2026 17:00,02/09/2026 17:00,02/09/2026 17:00,0:00:00,,CGI,3103-21380,,34.9954,36.0172,,963944136838,417016088137703,353289114232822,,,,963947933283,417011080587754,,,,963940000500,شكرا كتير
7df4f6d4-a7e1-4e3e-b181-5b50a5cc85be,1,SMS,+00:00,02/09/2026 17:05,02/09/2026 17:05,02/09/2026 17:05,02/09/2026 17:05,0:00:00,,CGI,3107-22676,,34.9607,36.0805,,963945447315,417018840091971,353289116179500,,,,963947933283,417011080587754,,,,963940000500,وينك؟
64b583a2-138f-411d-ae6b-f664addb3606,1,SMS,+00:00,02/09/2026 17:35,02/09/2026 17:35,02/09/2026 17:35,02/09/2026 17:35,0:00:00,,CGI,3103-21410,,34.9976,36.0062,,963947909101,417019090871998,356991086525300,,,,963947474256,417014083071615,,,,963940000500,شو الأخبار؟
c76fa75d-4dee-4383-b9a4-0f4832786e17,0,SMS,+00:00,02/09/2026 17:36,02/09/2026 17:36,02/09/2026 17:36,02/09/2026 17:36,0:00:00,,CGI,3107-22457,,35.0914,36.0208,,963943636427,417018913218151,354046119931041,,,,963941521517,417014920367841,,,,963940000500,بشوفك المسا
7df4f6d4-a7e1-4e3e-b181-5b50a5cc85be,0,SMS,+00:00,02/09/2026 17:46,02/09/2026 17:46,02/09/2026 17:46,02/09/2026 17:46,0:00:00,,CGI,3102-21198,,35.0339,36.1217,,963945447315,417018840091971,353289116179500,,,,963945587023,417019819816493,,,,963940000500,شكرا كتير
f390e504-4061-47e4-b6f4-df0ab07a3a59,0,Voice,+00:00,02/09/2026 17:48,02/09/2026 17:52,02/09/2026 17:48,02/09/2026 17:52,0:03:53,,CGI,3103-21546,16,34.9869,35.9331,,963942558061,417011955931542,353289114660519,,,,963946909382,417017225716130,,,,,
8874ea83-6e32-4feb-9e57-d07217532512,0,SMS,+00:00,02/09/2026 18:22,02/09/2026 18:22,02/09/2026 18:22,02/09/2026 18:22,0:00:00,,CGI,3103-21546,,34.9825,35.9406,,963945713879,417014969683889,359024106205401,,,,963949674869,417013376804725,,,,963940000500,بشوفك المسا
821183fd-ddc9-4e21-a5d5-f8aa3beaf732,1,Voice,+00:00,02/09/2026 18:23,02/09/2026 18:23,02/09/2026 18:23,02/09/2026 18:23,0:00:26,,CGI,3107-22676,16,34.9608,36.074,,963948957527,417011528711466,356991087634630,,,,963941606132,417018883973357,,,,,
f3bd3bc2-757c-4a8d-88fd-739ca00844d1,1,Voice,+00:00,02/09/2026 19:21,02/09/2026 19:21,02/09/2026 19:21,02/09/2026 19:21,0:00:10,,CGI,3103-21471,16,34.9879,35.9679,,963943137655,417012179971001,356991084485101,,,,963949173624,417011860839042,,,,,
2e0704ed-31a5-45b0-91e2-ed4efb5e78d3,0,SMS,+00:00,02/09/2026 19:22,02/09/2026 19:22,02/09/2026 19:22,02/09/2026 19:22,0:00:00,,CGI,3105-22112,,34.9813,36.19,,963942146010,417011852306666,356991081665267,,,,963941845346,417019779993801,,,,963940000500,عم استناك
7df4f6d4-a7e1-4e3e-b181-5b50a5cc85be,0,Voice,+00:00,02/09/2026 19:29,02/09/2026 19:30,02/09/2026 19:29,02/09/2026 19:30,0:01:26,,CGI,3102-21198,16,35.0373,36.1209,,963945447315,417018840091971,353289116179500,,,,963947809534,417015499470942,,,,,
c76fa75d-4dee-4383-b9a4-0f4832786e17,1,Voice,+00:00,02/09/2026 20:00,02/09/2026 20:02,02/09/2026 20:00,02/09/2026 20:02,0:02:02,,CGI,3107-22414,16,35.0084,35.9955,,963943636427,417018913218151,354046119931041,,,,963948211056,417012959963638,,,,,
6847f36a-3fed-4845-a123-9f38d5b21956,0,Voice,+00:00,02/09/2026 20:21,02/09/2026 20:26,02/09/2026 20:21,02/09/2026 20:26,0:04:33,,CGI,3107-22457,16,35.0925,36.0212,,963940754134,417010310408415,869123040964785,,,,963945587023,417019819816493,,,,,
1243aa0d-e372-46fc-840d-aa1b655157a9,1,SMS,+00:00,02/09/2026 20:32,02/09/2026 20:32,02/09/2026 20:32,02/09/2026 20:32,0:00:00,,CGI,3105-22294,,34.9647,36.1612,,963949256067,417012039211303,359024106523316,,,,963943913321,417011352323682,,,,963940000500,حاضر
a6d61102-2f27-4e83-aadf-c5325bd754a5,0,SMS,+00:00,02/09/2026 20:33,02/09/2026 20:33,02/09/2026 20:33,02/09/2026 20:33,0:00:00,,CGI,3102-21322,,34.9846,36.0813,,963949288613,417012535581595,869123049893845,,,,963949245673,417014076971019,,,,963940000500,ما في رصيد
8874ea83-6e32-4feb-9e57-d07217532512,0,SMS,+00:00,02/09/2026 20:44,02/09/2026 20:44,02/09/2026 20:44,02/09/2026 20:44,0:00:00,,CGI,3104-21567,,34.9828,35.9318,,963945713879,417014969683889,359024106205401,,,,963946885582,417019940405761,,,,963940000500,الله يسلمك
c76fa75d-4dee-4383-b9a4-0f4832786e17,0,Voice,+00:00,02/09/2026 20:45,02/09/2026 20:46,02/09/2026 20:45,02/09/2026 20:46,0:01:07,,CGI,3107-22457,16,35.0956,36.0151,,963943636427,417018913218151,354046119931041,,,,963945447315,417018840091971,,,,,
3d9437fd-e002-4b71-950f-d3a8a5174426,1,SMS,+00:00,02/09/2026 20:55,02/09/2026 20:55,02/09/2026 20:55,02/09/2026 20:55,0:00:00,,CGI,3104-21641,,34.9842,35.8927,,963942581064,417018280043325,359024107009299,,,,963949824652,417013882730801,,,,963940000500,عم استناك
1b0fe5d1-7a4a-4c52-af0e-8e155d1ead24,1,SMS,+00:00,02/09/2026 21:04,02/09/2026 21:04,02/09/2026 21:04,02/09/2026 21:04,0:00:00,,CGI,3106-22579,,35.0878,36.168,,963941770166,417010302133101,867548039382023,,,,963949298757,417016403402345,,,,963940000500,رد عالتلفون
1243aa0d-e372-46fc-840d-aa1b655157a9,0,Voice,+00:00,02/09/2026 21:26,02/09/2026 21:27,02/09/2026 21:26,02/09/2026 21:27,0:01:12,,CGI,3107-22275,16,34.9525,36.1264,,963949256067,417012039211303,359024106523316,,,,963949674869,417013376804725,,,,,
e1d560d7-d7f7-432d-9aea-f7ea0565f41b,1,SMS,+00:00,02/09/2026 23:38,02/09/2026 23:38,02/09/2026 23:38,02/09/2026 23:38,0:00:00,,CGI,3107-22622,,35.0611,36.2588,,963949442375,417019645208782,352875115618109,,,,963943816323,417019330583852,,,,963940000500,شو الأخبار؟
1a7898b4-14db-41f5-bdc4-9103c678b7fb,1,SMS,+00:00,03/09/2026 5:02,03/09/2026 5:02,03/09/2026 5:02,03/09/2026 5:02,0:00:00,,CGI,3107-22844,,35.0377,35.9775,,963947758023,417019486756567,358452079605078,,,,963945446942,417017614845374,,,,963940000500,رح اتأخر شوي
30add082-fd23-4f4b-b2d6-ae7f6781f2a8,1,SMS,+00:00,03/09/2026 5:36,03/09/2026 5:36,03/09/2026 5:36,03/09/2026 5:36,0:00:00,,CGI,3107-22622,,35.0665,36.259,,963945587023,417019819816493,352875110697967,,,,963943225401,417018283205120,,,,963940000500,جيب معك خبز
f390e504-4061-47e4-b6f4-df0ab07a3a59,0,Voice,+00:00,03/09/2026 7:00,03/09/2026 7:00,03/09/2026 7:00,03/09/2026 7:00,0:00:33,,CGI,3103-21546,16,34.9881,35.9365,,963942558061,417011955931542,353289114660519,,,,963948048861,417018889281170,,,,,
176a0ec6-77f7-4bbb-85b1-a7ffef0a302f,0,SMS,+00:00,03/09/2026 7:11,03/09/2026 7:11,03/09/2026 7:11,03/09/2026 7:11,0:00:00,,CGI,3102-21227,,35.0208,36.0922,,963941845346,417019779993801,354046116340634,,,,963947397000,417011679497761,,,,963940000500,شكرا كتير
1b0d42aa-2234-4457-a6c3-62e3108cf9db,1,SMS,+00:00,03/09/2026 7:19,03/09/2026 7:19,03/09/2026 7:19,03/09/2026 7:19,0:00:00,,CGI,3106-22124,,34.9708,35.9147,,963940406971,417011575508014,359024104803397,,,,963941452822,417012466720202,,,,963940000500,ما في رصيد
e1d560d7-d7f7-432d-9aea-f7ea0565f41b,0,SMS,+00:00,03/09/2026 7:36,03/09/2026 7:36,03/09/2026 7:36,03/09/2026 7:36,0:00:00,,CGI,3107-22676,,34.9609,36.0741,,963949442375,417019645208782,352875115618109,,,,963947397000,417011679497761,,,,963940000500,رح اتأخر شوي
30add082-fd23-4f4b-b2d6-ae7f6781f2a8,0,SMS,+00:00,03/09/2026 8:46,03/09/2026 8:46,03/09/2026 8:46,03/09/2026 8:46,0:00:00,,CGI,3106-22579,,35.0873,36.168,,963945587023,417019819816493,352875110697967,,,,963942213328,417016894494221,,,,963940000500,تمام الحمد لله
155961c3-a2f7-4f23-9694-927e59b3d858,1,Voice,+00:00,03/09/2026 9:14,03/09/2026 9:15,03/09/2026 9:14,03/09/2026 9:15,0:00:52,,CGI,3107-22844,16,35.038,35.9801,,963946123682,417017474005709,358452075004169,,,,963941770166,417010302133101,,,,,
1b0d42aa-2234-4457-a6c3-62e3108cf9db,0,SMS,+00:00,03/09/2026 9:24,03/09/2026 9:24,03/09/2026 9:24,03/09/2026 9:24,0:00:00,,CGI,3105-22181,,35.0201,36.0335,,963940406971,417011575508014,359024104803397,,,,963945713879,417014969683889,,,,963940000500,الكهربا مقطوعة
f3794223-0e81-4140-b118-a760cef055cb,0,Voice,+00:00,03/09/2026 9:29,03/09/2026 9:32,03/09/2026 9:29,03/09/2026 9:32,0:03:34,,CGI,3106-22069,16,35.0669,36.2403,,963944231581,417014083378521,354046116245122,,,,963944016702,417018114279395,,,,,
155961c3-a2f7-4f23-9694-927e59b3d858,0,Voice,+00:00,03/09/2026 10:08,03/09/2026 10:14,03/09/2026 10:08,03/09/2026 10:14,0:06:46,,CGI,3107-22676,16,34.9602,36.0789,,963946123682,417017474005709,358452075004169,,,,963941833119,417018321472529,,,,,
1b0fe5d1-7a4a-4c52-af0e-8e155d1ead24,0,Voice,+00:00,03/09/2026 10:29,03/09/2026 10:29,03/09/2026 10:29,03/09/2026 10:29,0:00:14,,CGI,3106-22579,16,35.0876,36.1712,,963941770166,417010302133101,867548039382023,,,,963946170538,417012069112374,,,,,
f3bd3bc2-757c-4a8d-88fd-739ca00844d1,0,Voice,+00:00,03/09/2026 10:38,03/09/2026 10:39,03/09/2026 10:38,03/09/2026 10:39,0:00:24,,CGI,3104-21641,16,34.9794,35.8946,,963943137655,417012179971001,356991084485101,,,,963947397000,417011679497761,,,,,
72c650fe-1ef7-42c9-9337-6699806267d0,1,SMS,+00:00,03/09/2026 10:51,03/09/2026 10:51,03/09/2026 10:51,03/09/2026 10:51,0:00:00,,CGI,3106-22747,,35.046,36.0373,,963948392313,417011944131148,869123046104220,,,,963949870316,417012956065719,,,,963940000500,رد عالتلفون
f3bd3bc2-757c-4a8d-88fd-739ca00844d1,1,Voice,+00:00,03/09/2026 10:55,03/09/2026 10:55,03/09/2026 10:55,03/09/2026 10:55,0:00:08,,CGI,3107-22030,16,35.0306,36.2848,,963943137655,417012179971001,356991084485101,,,,963947809534,417015499470942,,,,,
a6d61102-2f27-4e83-aadf-c5325bd754a5,1,SMS,+00:00,03/09/2026 11:30,03/09/2026 11:30,03/09/2026 11:30,03/09/2026 11:30,0:00:00,,CGI,3107-22030,,35.0277,36.2897,,963949288613,417012535581595,869123049893845,,,,963949173624,417011860839042,,,,963940000500,جيب معك خبز
ff9c88b3-17bc-4182-a3c8-63e1cd15811b,0,SMS,+00:00,03/09/2026 12:26,03/09/2026 12:26,03/09/2026 12:26,03/09/2026 12:26,0:00:00,,CGI,3107-22030,,35.028,36.2851,,963947586983,417014372051389,352875116214809,,,,963949245673,417014076971019,,,,963940000500,الكهربا مقطوعة
ff9c88b3-17bc-4182-a3c8-63e1cd15811b,0,Voice,+00:00,03/09/2026 12:35,03/09/2026 12:35,03/09/2026 12:35,03/09/2026 12:35,0:00:27,,CGI,3107-22030,16,35.0315,36.2851,,963947586983,417014372051389,352875116214809,,,,963947397000,417011679497761,,,,,
5f1e0dad-ef52-429c-a400-870f7a001f3f,0,SMS,+00:00,03/09/2026 12:39,03/09/2026 12:39,03/09/2026 12:39,03/09/2026 12:39,0:00:00,,CGI,3106-22383,,35.0841,35.9837,,963940672939,417014696258210,356991085983252,,,,963943305855,417010019116161,,,,963940000500,جيب معك خبز
4587d358-edcd-425a-9ee6-6a6daff5cc93,1,SMS,+00:00,03/09/2026 12:53,03/09/2026 12:53,03/09/2026 12:53,03/09/2026 12:53,0:00:00,,CGI,3102-21344,,34.9936,36.0441,,963945290322,417018348025420,352875113425879,,,,963945713879,417014969683889,,,,963940000500,رح اتأخر شوي
f3bd3bc2-757c-4a8d-88fd-739ca00844d1,0,Voice,+00:00,03/09/2026 12:53,03/09/2026 12:58,03/09/2026 12:53,03/09/2026 12:58,0:05:14,,CGI,3107-22030,16,35.0293,36.2905,,963943137655,417012179971001,356991084485101,,,,963948141114,417018935510843,,,,,
64b583a2-138f-411d-ae6b-f664addb3606,0,SMS,+00:00,03/09/2026 13:59,03/09/2026 13:59,03/09/2026 13:59,03/09/2026 13:59,0:00:00,,CGI,3103-21471,,34.9919,35.9697,,963947909101,417019090871998,356991086525300,,,,963949685972,417016086031833,,,,963940000500,اتصل فيي لما تفضى
3d9437fd-e002-4b71-950f-d3a8a5174426,1,Voice,+00:00,03/09/2026 14:02,03/09/2026 14:06,03/09/2026 14:02,03/09/2026 14:06,0:03:46,,CGI,3104-21606,16,34.9742,35.8968,,963942581064,417018280043325,359024107009299,,,,963942146010,417011852306666,,,,,
2e0704ed-31a5-45b0-91e2-ed4efb5e78d3,1,Voice,+00:00,03/09/2026 14:05,03/09/2026 14:13,03/09/2026 14:05,03/09/2026 14:13,0:07:45,,CGI,3103-21471,16,34.9935,35.9689,,963942146010,417011852306666,356991081665267,,,,963949375752,417010429099749,,,,,
ef2ed5ff-bca5-41da-8e64-8cabad94dce9,0,SMS,+00:00,03/09/2026 14:10,03/09/2026 14:10,03/09/2026 14:10,03/09/2026 14:10,0:00:00,,CGI,3102-21198,,35.0378,36.1189,,963943219528,417014127522114,359024104856247,,,,963940547851,417012370605645,,,,963940000500,عيد ميلاد سعيد
2e0704ed-31a5-45b0-91e2-ed4efb5e78d3,1,SMS,+00:00,03/09/2026 14:14,03/09/2026 14:14,03/09/2026 14:14,03/09/2026 14:14,0:00:00,,CGI,3105-22112,,34.9803,36.197,,963942146010,417011852306666,356991081665267,,,,963941845346,417019779993801,,,,963940000500,عم استناك
64b583a2-138f-411d-ae6b-f664addb3606,1,Voice,+00:00,03/09/2026 15:05,03/09/2026 15:05,03/09/2026 15:05,03/09/2026 15:05,0:00:36,,CGI,3103-21380,16,34.9919,36.0228,,963947909101,417019090871998,356991086525300,,,,963941521517,417014920367841,,,,,
f3bd3bc2-757c-4a8d-88fd-739ca00844d1,0,SMS,+00:00,03/09/2026 15:07,03/09/2026 15:07,03/09/2026 15:07,03/09/2026 15:07,0:00:00,,CGI,3103-21471,,34.9914,35.9686,,963943137655,417012179971001,356991084485101,,,,963948048861,417018889281170,,,,963940000500,صباح الخير
81999f14-2bdc-4b47-8e79-762471b757c6,0,SMS,+00:00,03/09/2026 15:37,03/09/2026 15:37,03/09/2026 15:37,03/09/2026 15:37,0:00:00,,CGI,3104-21567,,34.9862,35.9281,,963946053216,417010388557871,352875110662367,,,,963942943053,417013813289933,,,,963940000500,الله يسلمك
3c02efe5-8f8d-49ce-aedd-eae9cfdcb477,0,Voice,+00:00,03/09/2026 15:45,03/09/2026 15:47,03/09/2026 15:45,03/09/2026 15:47,0:02:04,,CGI,3104-21641,16,34.9814,35.8945,,963947397000,417011679497761,353289112665627,,,,963942558061,417011955931542,,,,,
1a7898b4-14db-41f5-bdc4-9103c678b7fb,0,SMS,+00:00,03/09/2026 16:08,03/09/2026 16:08,03/09/2026 16:08,03/09/2026 16:08,0:00:00,,CGI,3101-21049,,35.0668,36.2844,,963947758023,417019486756567,358452079605078,,,,963946123682,417017474005709,,,,963940000500,شكرا كتير
1a7898b4-14db-41f5-bdc4-9103c678b7fb,1,SMS,+00:00,03/09/2026 16:18,03/09/2026 16:18,03/09/2026 16:18,03/09/2026 16:18,0:00:00,,CGI,3101-21010,,35.0672,36.2988,,963947758023,417019486756567,358452079605078,,,,963949256067,417012039211303,,,,963940000500,اتصل فيي لما تفضى
81987214-4c91-40eb-a657-f9a439b1f264,0,Voice,+00:00,03/09/2026 16:40,03/09/2026 16:43,03/09/2026 16:40,03/09/2026 16:43,0:03:17,,CGI,3107-22520,16,35.0114,36.0705,,963949298757,417016403402345,352875112736813,,,,963943913321,417011352323682,,,,,
5f45bb89-3bd4-411e-8982-9f56fde9bdc1,0,SMS,+00:00,03/09/2026 16:44,03/09/2026 16:44,03/09/2026 16:44,03/09/2026 16:44,0:00:00,,CGI,3106-22747,,35.0428,36.0346,,963943871344,417019954983483,359024100574240,,,,963941645822,417015603391876,,,,963940000500,بكرا منشوف
5aa53d96-1607-4722-aca0-f4c3865e4551,0,Voice,+00:00,03/09/2026 16:53,03/09/2026 16:55,03/09/2026 16:53,03/09/2026 16:55,0:02:35,,CGI,3107-22275,16,34.9523,36.1232,,963947933283,417011080587754,867548033640517,,,,963946910761,417011756409564,,,,,
f722c6e3-980a-4f79-888b-e1ad449109b8,0,SMS,+00:00,03/09/2026 16:56,03/09/2026 16:56,03/09/2026 16:56,03/09/2026 16:56,0:00:00,,CGI,3107-22536,,35.0867,36.0785,,963948591689,417014199789540,352875111281597,,,,963942698367,417018878079078,,,,963940000500,ما في رصيد
5f45bb89-3bd4-411e-8982-9f56fde9bdc1,0,SMS,+00:00,03/09/2026 17:09,03/09/2026 17:09,03/09/2026 17:09,03/09/2026 17:09,0:00:00,,CGI,3106-22704,,35.056,36.1678,,963943871344,417019954983483,359024100574240,,,,963941521517,417014920367841,,,,963940000500,الله يسلمك
8874ea83-6e32-4feb-9e57-d07217532512,1,SMS,+00:00,03/09/2026 17:51,03/09/2026 17:51,03/09/2026 17:51,03/09/2026 17:51,0:00:00,,CGI,3103-21546,,34.981,35.9358,,963945713879,417014969683889,359024106205401,,,,963943816323,417019330583852,,,,963940000500,مسا الخير
821183fd-ddc9-4e21-a5d5-f8aa3beaf732,1,Voice,+00:00,03/09/2026 18:17,03/09/2026 18:23,03/09/2026 18:17,03/09/2026 18:23,0:06:26,,CGI,3107-22676,16,34.9593,36.0728,,963948957527,417011528711466,356991087634630,,,,963947375092,417019061804073,,,,,
8874ea83-6e32-4feb-9e57-d07217532512,1,Voice,+00:00,03/09/2026 18:22,03/09/2026 18:24,03/09/2026 18:22,03/09/2026 18:24,0:01:54,,CGI,3101-21126,16,35.0731,36.2128,,963945713879,417014969683889,359024106205401,,,,963943958164,417017840565303,,,,,
f390e504-4061-47e4-b6f4-df0ab07a3a59,0,Voice,+00:00,03/09/2026 18:33,03/09/2026 18:36,03/09/2026 18:33,03/09/2026 18:36,0:03:00,,CGI,3103-21546,16,34.9865,35.9346,,963942558061,417011955931542,353289114660519,,,,963949674869,417013376804725,,,,,
f3bd3bc2-757c-4a8d-88fd-739ca00844d1,1,Voice,+00:00,03/09/2026 19:08,03/09/2026 19:13,03/09/2026 19:08,03/09/2026 19:13,0:04:49,,CGI,3107-22030,16,35.0286,36.2837,,963943137655,417012179971001,356991084485101,,,,963940998084,417015731808808,,,,,
f3bd3bc2-757c-4a8d-88fd-739ca00844d1,0,SMS,+00:00,03/09/2026 19:19,03/09/2026 19:19,03/09/2026 19:19,03/09/2026 19:19,0:00:00,,CGI,3107-22030,,35.0329,36.2865,,963943137655,417012179971001,356991084485101,,,,963946123682,417017474005709,,,,963940000500,بكرا منشوف
f3bd3bc2-757c-4a8d-88fd-739ca00844d1,1,SMS,+00:00,03/09/2026 19:23,03/09/2026 19:23,03/09/2026 19:23,03/09/2026 19:23,0:00:00,,CGI,3107-22030,,35.0298,36.2909,,963943137655,417012179971001,356991084485101,,,,963940406971,417011575508014,,,,963940000500,حاضر
3c02efe5-8f8d-49ce-aedd-eae9cfdcb477,0,SMS,+00:00,03/09/2026 19:27,03/09/2026 19:27,03/09/2026 19:27,03/09/2026 19:27,0:00:00,,CGI,3104-21641,,34.9842,35.8939,,963947397000,417011679497761,353289112665627,,,,963947131484,417014885342539,,,,963940000500,وينك؟
1b0d42aa-2234-4457-a6c3-62e3108cf9db,0,Voice,+00:00,03/09/2026 19:34,03/09/2026 19:36,03/09/2026 19:34,03/09/2026 19:36,0:02:20,,CGI,3107-22275,16,34.9527,36.1233,,963940406971,417011575508014,359024104803397,,,,963949685972,417016086031833,,,,,
f3bd3bc2-757c-4a8d-88fd-739ca00844d1,0,SMS,+00:00,03/09/2026 19:57,03/09/2026 19:57,03/09/2026 19:57,03/09/2026 19:57,0:00:00,,CGI,3103-21471,,34.9929,35.9654,,963943137655,417012179971001,356991084485101,,,,963948231202,417018757037364,,,,963940000500,صباح الخير
3d9437fd-e002-4b71-950f-d3a8a5174426,0,Voice,+00:00,03/09/2026 20:03,03/09/2026 20:03,03/09/2026 20:03,03/09/2026 20:03,0:00:15,,CGI,3106-22579,16,35.0905,36.1664,,963942581064,417018280043325,359024107009299,,,,963941521517,417014920367841,,,,,
0e3f7c3d-ce57-4356-a827-955246d2e4e4,1,Voice,+00:00,03/09/2026 20:05,03/09/2026 20:05,03/09/2026 20:05,03/09/2026 20:05,0:00:08,,CGI,3101-21076,16,35.0714,36.2417,,963945446942,417017614845374,354046114008308,,,,963949288613,417012535581595,,,,,
1b0fe5d1-7a4a-4c52-af0e-8e155d1ead24,1,Voice,+00:00,03/09/2026 20:21,03/09/2026 20:22,03/09/2026 20:21,03/09/2026 20:22,0:00:47,,CGI,3107-22536,16,35.0899,36.0791,,963941770166,417010302133101,867548039382023,,,,963946909382,417017225716130,,,,,
1b0d42aa-2234-4457-a6c3-62e3108cf9db,1,Voice,+00:00,03/09/2026 20:24,03/09/2026 20:27,03/09/2026 20:24,03/09/2026 20:27,0:03:12,,CGI,3105-22181,16,35.0243,36.0359,,963940406971,417011575508014,359024104803397,,,,963947586983,417014372051389,,,,,
30add082-fd23-4f4b-b2d6-ae7f6781f2a8,0,Voice,+00:00,03/09/2026 20:34,03/09/2026 20:38,03/09/2026 20:34,03/09/2026 20:38,0:03:59,,CGI,3103-21471,16,34.9947,35.9695,,963945587023,417019819816493,352875110697967,,,,963947909101,417019090871998,,,,,
b4418191-abbf-4748-8d58-84f267d8bab7,0,SMS,+00:00,03/09/2026 20:51,03/09/2026 20:51,03/09/2026 20:51,03/09/2026 20:51,0:00:00,,CGI,3105-22181,,35.0258,36.0384,,963944692663,417015243981054,353289114040373,,,,963948172281,417013319334753,,,,963940000500,رد عالتلفون
f390e504-4061-47e4-b6f4-df0ab07a3a59,1,SMS,+00:00,03/09/2026 21:11,03/09/2026 21:11,03/09/2026 21:11,03/09/2026 21:11,0:00:00,,CGI,3103-21546,,34.9814,35.9375,,963942558061,417011955931542,353289114660519,,,,963945301596,417018599958688,,,,963940000500,عم استناك
b865af7a-2d14-4836-bf06-007602992b99,1,Voice,+00:00,03/09/2026 21:18,03/09/2026 21:20,03/09/2026 21:18,03/09/2026 21:20,0:02:12,,CGI,3107-22457,16,35.0914,36.0202,,963948211056,417012959963638,354046113411784,,,,963949375752,417010429099749,,,,,
5f1e0dad-ef52-429c-a400-870f7a001f3f,1,Voice,+00:00,03/09/2026 21:41,03/09/2026 21:48,03/09/2026 21:41,03/09/2026 21:48,0:07:17,,CGI,3106-22383,16,35.0842,35.9841,,963940672939,417014696258210,356991085983252,,,,963941645822,417015603391876,,,,,
f3794223-0e81-4140-b118-a760cef055cb,1,Voice,+00:00,03/09/2026 21:41,03/09/2026 21:43,03/09/2026 21:41,03/09/2026 21:43,0:01:44,,CGI,3101-21049,16,35.0686,36.288,,963944231581,417014083378521,354046116245122,,,,963943219528,417014127522114,,,,,
8f093db3-e899-4455-bc78-1136d002e8bf,0,SMS,+00:00,03/09/2026 21:55,03/09/2026 21:55,03/09/2026 21:55,03/09/2026 21:55,0:00:00,,CGI,3105-22294,,34.9588,36.1636,,963948141114,417018935510843,358452077867720,,,,963948048861,417018889281170,,,,963940000500,شكرا كتير
d33ee36f-444c-4e06-896a-e9a133eff654,0,SMS,+00:00,03/09/2026 22:01,03/09/2026 22:01,03/09/2026 22:01,03/09/2026 22:01,0:00:00,,CGI,3107-22883,,35.0645,36.1228,,963942174691,417015428172361,352875113723083,,,,963946495100,417013914609204,,,,963940000500,خلص اتفقنا
eca85536-4f96-4806-be91-19b0affd3187,1,Voice,+00:00,03/09/2026 22:03,03/09/2026 22:05,03/09/2026 22:03,03/09/2026 22:05,0:02:04,,CGI,3105-22112,16,34.983,36.1901,,963942679097,417018848402468,867548034030627,,,,963944016702,417018114279395,,,,,
81987214-4c91-40eb-a657-f9a439b1f264,1,SMS,+00:00,03/09/2026 22:10,03/09/2026 22:10,03/09/2026 22:10,03/09/2026 22:10,0:00:00,,CGI,3104-21567,,34.9852,35.9301,,963949298757,417016403402345,352875112736813,,,,963945290322,417018348025420,,,,963940000500,اتصل فيي لما تفضى
4587d358-edcd-425a-9ee6-6a6daff5cc93,0,Voice,+00:00,03/09/2026 22:29,03/09/2026 22:31,03/09/2026 22:29,03/09/2026 22:31,0:01:31,,CGI,3102-21322,16,34.9868,36.081,,963945290322,417018348025420,352875113425879,,,,963948591689,417014199789540,,,,,
3c02efe5-8f8d-49ce-aedd-eae9cfdcb477,0,Voice,+00:00,03/09/2026 22:57,03/09/2026 23:00,03/09/2026 22:57,03/09/2026 23:00,0:02:07,,CGI,3107-22275,16,34.9567,36.1245,,963947397000,417011679497761,353289112665627,,,,963946123682,417017474005709,,,,,
6847f36a-3fed-4845-a123-9f38d5b21956,1,Voice,+00:00,03/09/2026 23:50,03/09/2026 23:51,03/09/2026 23:50,03/09/2026 23:51,0:01:39,,CGI,3103-21380,16,34.9963,36.0182,,963940754134,417010310408415,869123040964785,,,,963949375752,417010429099749,,,,,
3c02efe5-8f8d-49ce-aedd-eae9cfdcb477,1,SMS,+00:00,04/09/2026 5:15,04/09/2026 5:15,04/09/2026 5:15,04/09/2026 5:15,0:00:00,,CGI,3105-22294,,34.9635,36.1634,,963947397000,417011679497761,353289112665627,,,,963948048861,417018889281170,,,,963940000500,عيد ميلاد سعيد
176a0ec6-77f7-4bbb-85b1-a7ffef0a302f,0,SMS,+00:00,04/09/2026 5:23,04/09/2026 5:23,04/09/2026 5:23,04/09/2026 5:23,0:00:00,,CGI,3105-22786,,35.0637,36.2533,,963941845346,417019779993801,354046116340634,,,,963949824652,417013882730801,,,,963940000500,جيب معك خبز
5f1e0dad-ef52-429c-a400-870f7a001f3f,0,Voice,+00:00,04/09/2026 5:31,04/09/2026 5:35,04/09/2026 5:31,04/09/2026 5:35,0:03:26,,CGI,3103-21380,16,34.9948,36.0209,,963940672939,417014696258210,356991085983252,,,,963942909141,417012091494577,,,,,
821183fd-ddc9-4e21-a5d5-f8aa3beaf732,0,SMS,+00:00,04/09/2026 6:01,04/09/2026 6:01,04/09/2026 6:01,04/09/2026 6:01,0:00:00,,CGI,3107-22676,,34.9625,36.0762,,963948957527,417011528711466,356991087634630,,,,963941770166,417010302133101,,,,963940000500,شو الأخبار؟
a6d61102-2f27-4e83-aadf-c5325bd754a5,1,Voice,+00:00,04/09/2026 6:13,04/09/2026 6:14,04/09/2026 6:13,04/09/2026 6:14,0:01:25,,CGI,3106-22069,16,35.0663,36.2383,,963949288613,417012535581595,869123049893845,,,,963946254727,417016702712870,,,,,
f3bd3bc2-757c-4a8d-88fd-739ca00844d1,1,Voice,+00:00,04/09/2026 6:22,04/09/2026 6:23,04/09/2026 6:22,04/09/2026 6:23,0:00:18,,CGI,3107-22030,16,35.03,36.2895,,963943137655,417012179971001,356991084485101,,,,963941521517,417014920367841,,,,,
81987214-4c91-40eb-a657-f9a439b1f264,1,SMS,+00:00,04/09/2026 6:47,04/09/2026 6:47,04/09/2026 6:47,04/09/2026 6:47,0:00:00,,CGI,3104-21567,,34.9846,35.9271,,963949298757,417016403402345,352875112736813,,,,963942909141,417012091494577,,,,963940000500,صباح الخير
f3794223-0e81-4140-b118-a760cef055cb,1,Voice,+00:00,04/09/2026 6:49,04/09/2026 6:56,04/09/2026 6:49,04/09/2026 6:56,0:06:35,,CGI,3106-22069,16,35.0677,36.2348,,963944231581,417014083378521,354046116245122,,,,963941677333,417015309640865,,,,,
5f1e0dad-ef52-429c-a400-870f7a001f3f,1,SMS,+00:00,04/09/2026 7:32,04/09/2026 7:32,04/09/2026 7:32,04/09/2026 7:32,0:00:00,,CGI,3103-21380,,34.9933,36.022,,963940672939,417014696258210,356991085983252,,,,963944692663,417015243981054,,,,963940000500,عم استناك
8f093db3-e899-4455-bc78-1136d002e8bf,1,Voice,+00:00,04/09/2026 7:35,04/09/2026 7:35,04/09/2026 7:35,04/09/2026 7:35,0:00:29,,CGI,3105-22786,16,35.0609,36.2476,,963948141114,417018935510843,358452077867720,,,,963943816323,417019330583852,,,,,
f722c6e3-980a-4f79-888b-e1ad449109b8,1,Voice,+00:00,04/09/2026 7:49,04/09/2026 7:52,04/09/2026 7:49,04/09/2026 7:52,0:02:48,,CGI,3106-22579,16,35.0904,36.167,,963948591689,417014199789540,352875111281597,,,,963948231202,417018757037364,,,,,
0e3f7c3d-ce57-4356-a827-955246d2e4e4,0,SMS,+00:00,04/09/2026 7:58,04/09/2026 7:58,04/09/2026 7:58,04/09/2026 7:58,0:00:00,,CGI,3103-21471,,34.9946,35.9641,,963945446942,417017614845374,354046114008308,,,,963947474256,417014083071615,,,,963940000500,الله يسلمك
6847f36a-3fed-4845-a123-9f38d5b21956,0,Voice,+00:00,04/09/2026 8:14,04/09/2026 8:16,04/09/2026 8:14,04/09/2026 8:16,0:02:35,,CGI,3103-21380,16,34.991,36.0227,,963940754134,417010310408415,869123040964785,,,,963949824652,417013882730801,,,,,
9043d84f-4251-4fbe-8ded-480c32b1b009,1,SMS,+00:00,04/09/2026 8:18,04/09/2026 8:18,04/09/2026 8:18,04/09/2026 8:18,0:00:00,,CGI,3106-22747,,35.0431,36.0379,,963942213328,417016894494221,352875112734149,,,,963949288613,417012535581595,,,,963940000500,حاضر
155961c3-a2f7-4f23-9694-927e59b3d858,1,SMS,+00:00,04/09/2026 8:20,04/09/2026 8:20,04/09/2026 8:20,04/09/2026 8:20,0:00:00,,CGI,3107-22844,,35.0368,35.9808,,963946123682,417017474005709,358452075004169,,,,963946053216,417010388557871,,,,963940000500,جيب معك خبز
3d0dc932-c4d7-4259-9192-c8e370eb05e7,0,Voice,+00:00,04/09/2026 8:30,04/09/2026 8:31,04/09/2026 8:30,04/09/2026 8:31,0:00:44,,CGI,3107-22622,16,35.0615,36.2576,,963945373316,417017012885706,867548030398341,,,,963943942970,417016856638798,,,,,
f3bd3bc2-757c-4a8d-88fd-739ca00844d1,0,SMS,+00:00,04/09/2026 8:35,04/09/2026 8:35,04/09/2026 8:35,04/09/2026 8:35,0:00:00,,CGI,3103-21471,,34.9925,35.968,,963943137655,417012179971001,356991084485101,,,,963940672939,417014696258210,,,,963940000500,حاضر
5f1e0dad-ef52-429c-a400-870f7a001f3f,0,Voice,+00:00,04/09/2026 8:43,04/09/2026 8:49,04/09/2026 8:43,04/09/2026 8:49,0:05:43,,CGI,3106-22383,16,35.082,35.9807,,963940672939,417014696258210,356991085983252,,,,963949824652,417013882730801,,,,,
8f093db3-e899-4455-bc78-1136d002e8bf,1,Voice,+00:00,04/09/2026 8:53,04/09/2026 8:55,04/09/2026 8:53,04/09/2026 8:55,0:02:04,,CGI,3105-22786,16,35.0585,36.2535,,963948141114,417018935510843,358452077867720,,,,963944231581,417014083378521,,,,,
6847f36a-3fed-4845-a123-9f38d5b21956,1,SMS,+00:00,04/09/2026 9:02,04/09/2026 9:02,04/09/2026 9:02,04/09/2026 9:02,0:00:00,,CGI,3107-22457,,35.0967,36.0155,,963940754134,417010310408415,869123040964785,,,,963949375752,417010429099749,,,,963940000500,الله يسلمك
a6d61102-2f27-4e83-aadf-c5325bd754a5,1,Voice,+00:00,04/09/2026 9:14,04/09/2026 9:18,04/09/2026 9:14,04/09/2026 9:18,0:04:41,,CGI,3106-22069,16,35.0686,36.236,,963949288613,417012535581595,869123049893845,,,,963941677333,417015309640865,,,,,
4587d358-edcd-425a-9ee6-6a6daff5cc93,1,SMS,+00:00,04/09/2026 9:15,04/09/2026 9:15,04/09/2026 9:15,04/09/2026 9:15,0:00:00,,CGI,3102-21344,,34.9982,36.0462,,963945290322,417018348025420,352875113425879,,,,963945956766,417019145278492,,,,963940000500,وصلت عالبيت
2e0704ed-31a5-45b0-91e2-ed4efb5e78d3,0,Voice,+00:00,04/09/2026 9:36,04/09/2026 9:37,04/09/2026 9:36,04/09/2026 9:37,0:01:11,,CGI,3105-22112,16,34.982,36.1923,,963942146010,417011852306666,356991081665267,,,,963946910761,417011756409564,,,,,
8874ea83-6e32-4feb-9e57-d07217532512,0,SMS,+00:00,04/09/2026 9:42,04/09/2026 9:42,04/09/2026 9:42,04/09/2026 9:42,0:00:00,,CGI,3103-21546,,34.9819,35.9381,,963945713879,417014969683889,359024106205401,,,,963948244570,417017984072831,,,,963940000500,وصلت عالبيت
72c650fe-1ef7-42c9-9337-6699806267d0,0,Voice,+00:00,04/09/2026 9:58,04/09/2026 9:59,04/09/2026 9:58,04/09/2026 9:59,0:00:31,,CGI,3101-21126,16,35.0724,36.2112,,963948392313,417011944131148,869123046104220,,,,963948957527,417011528711466,,,,,
6847f36a-3fed-4845-a123-9f38d5b21956,0,SMS,+00:00,04/09/2026 10:25,04/09/2026 10:25,04/09/2026 10:25,04/09/2026 10:25,0:00:00,,CGI,3107-22414,,35.0078,35.9898,,963940754134,417010310408415,869123040964785,,,,963943137655,417012179971001,,,,963940000500,الله يسلمك
f390e504-4061-47e4-b6f4-df0ab07a3a59,0,SMS,+00:00,04/09/2026 11:15,04/09/2026 11:15,04/09/2026 11:15,04/09/2026 11:15,0:00:00,,CGI,3104-21567,,34.9808,35.9293,,963942558061,417011955931542,353289114660519,,,,963947650981,417013257586142,,,,963940000500,جيب معك خبز
ff9c88b3-17bc-4182-a3c8-63e1cd15811b,0,SMS,+00:00,04/09/2026 11:21,04/09/2026 11:21,04/09/2026 11:21,04/09/2026 11:21,0:00:00,,CGI,3106-22069,,35.0652,36.2387,,963947586983,417014372051389,352875116214809,,,,963944821540,417017922630257,,,,963940000500,وصلت عالبيت
f3bd3bc2-757c-4a8d-88fd-739ca00844d1,1,SMS,+00:00,04/09/2026 12:54,04/09/2026 12:54,04/09/2026 12:54,04/09/2026 12:54,0:00:00,,CGI,3107-22030,,35.0289,36.2872,,963943137655,417012179971001,356991084485101,,,,963947375092,417019061804073,,,,963940000500,عيد ميلاد سعيد
3d0dc932-c4d7-4259-9192-c8e370eb05e7,0,SMS,+00:00,04/09/2026 13:05,04/09/2026 13:05,04/09/2026 13:05,04/09/2026 13:05,0:00:00,,CGI,3107-22622,,35.0616,36.2628,,963945373316,417017012885706,867548030398341,,,,963949911541,417013988426866,,,,963940000500,جيب معك خبز
176a0ec6-77f7-4bbb-85b1-a7ffef0a302f,1,Voice,+00:00,04/09/2026 13:13,04/09/2026 13:15,04/09/2026 13:13,04/09/2026 13:15,0:01:55,,CGI,3106-22747,16,35.0424,36.0397,,963941845346,417019779993801,354046116340634,,,,963940672939,417014696258210,,,,,
1b0d42aa-2234-4457-a6c3-62e3108cf9db,0,Voice,+00:00,04/09/2026 13:38,04/09/2026 13:39,04/09/2026 13:38,04/09/2026 13:39,0:01:26,,CGI,3105-22181,16,35.0276,36.0344,,963940406971,417011575508014,359024104803397,,,,963948211056,417012959963638,,,,,
ff9c88b3-17bc-4182-a3c8-63e1cd15811b,0,Voice,+00:00,04/09/2026 14:03,04/09/2026 14:03,04/09/2026 14:03,04/09/2026 14:03,0:00:19,,CGI,3107-22030,16,35.028,36.2905,,963947586983,417014372051389,352875116214809,,,,963946910761,417011756409564,,,,,
f3794223-0e81-4140-b118-a760cef055cb,1,SMS,+00:00,04/09/2026 14:34,04/09/2026 14:34,04/09/2026 14:34,04/09/2026 14:34,0:00:00,,CGI,3101-21049,,35.0657,36.2844,,963944231581,417014083378521,354046116245122,,,,963941601954,417019586402600,,,,963940000500,الكهربا مقطوعة
155961c3-a2f7-4f23-9694-927e59b3d858,1,SMS,+00:00,04/09/2026 14:42,04/09/2026 14:42,04/09/2026 14:42,04/09/2026 14:42,0:00:00,,CGI,3107-22676,,34.9591,36.0735,,963946123682,417017474005709,358452075004169,,,,963946846954,417018726769909,,,,963940000500,بكرا منشوف
3d0dc932-c4d7-4259-9192-c8e370eb05e7,1,SMS,+00:00,04/09/2026 15:33,04/09/2026 15:33,04/09/2026 15:33,04/09/2026 15:33,0:00:00,,CGI,3107-22622,,35.0623,36.2619,,963945373316,417017012885706,867548030398341,,,,963948358121,417011941381868,,,,963940000500,عم استناك
2e0704ed-31a5-45b0-91e2-ed4efb5e78d3,0,SMS,+00:00,04/09/2026 15:49,04/09/2026 15:49,04/09/2026 15:49,04/09/2026 15:49,0:00:00,,CGI,3103-21471,,34.9912,35.9677,,963942146010,417011852306666,356991081665267,,,,963945373316,417017012885706,,,,963940000500,رح اتأخر شوي
8874ea83-6e32-4feb-9e57-d07217532512,1,SMS,+00:00,04/09/2026 15:49,04/09/2026 15:49,04/09/2026 15:49,04/09/2026 15:49,0:00:00,,CGI,3104-21567,,34.9873,35.9303,,963945713879,417014969683889,359024106205401,,,,963947375092,417019061804073,,,,963940000500,وينك؟
1a7898b4-14db-41f5-bdc4-9103c678b7fb,0,SMS,+00:00,04/09/2026 15:52,04/09/2026 15:52,04/09/2026 15:52,04/09/2026 15:52,0:00:00,,CGI,3107-22844,,35.0384,35.9806,,963947758023,417019486756567,358452079605078,,,,963943305855,417010019116161,,,,963940000500,شو الأخبار؟
9043d84f-4251-4fbe-8ded-480c32b1b009,0,Voice,+00:00,04/09/2026 16:21,04/09/2026 16:22,04/09/2026 16:21,04/09/2026 16:22,0:01:20,,CGI,3106-22704,16,35.0551,36.1673,,963942213328,417016894494221,352875112734149,,,,963946123682,417017474005709,,,,,
f3794223-0e81-4140-b118-a760cef055cb,1,SMS,+00:00,04/09/2026 16:54,04/09/2026 16:54,04/09/2026 16:54,04/09/2026 16:54,0:00:00,,CGI,3106-22069,,35.0675,36.2382,,963944231581,417014083378521,354046116245122,,,,963940547851,417012370605645,,,,963940000500,وصلت عالبيت
4587d358-edcd-425a-9ee6-6a6daff5cc93,0,SMS,+00:00,04/09/2026 16:55,04/09/2026 16:55,04/09/2026 16:55,04/09/2026 16:55,0:00:00,,CGI,3106-22747,,35.0424,36.0392,,963945290322,417018348025420,352875113425879,,,,963946421062,417019503366575,,,,963940000500,اتصل فيي لما تفضى
7df4f6d4-a7e1-4e3e-b181-5b50a5cc85be,0,SMS,+00:00,04/09/2026 16:59,04/09/2026 16:59,04/09/2026 16:59,04/09/2026 16:59,0:00:00,,CGI,3107-22676,,34.9588,36.0755,,963945447315,417018840091971,353289116179500,,,,963947895206,417015543508863,,,,963940000500,عم استناك
3c02efe5-8f8d-49ce-aedd-eae9cfdcb477,1,SMS,+00:00,04/09/2026 17:21,04/09/2026 17:21,04/09/2026 17:21,04/09/2026 17:21,0:00:00,,CGI,3107-22275,,34.9529,36.1275,,963947397000,417011679497761,353289112665627,,,,963947586983,417014372051389,,,,963940000500,تمام الحمد لله
f3bd3bc2-757c-4a8d-88fd-739ca00844d1,1,Voice,+00:00,04/09/2026 18:09,04/09/2026 18:10,04/09/2026 18:09,04/09/2026 18:10,0:00:15,,CGI,3104-21641,16,34.9854,35.8931,,963943137655,417012179971001,356991084485101,,,,963941601954,417019586402600,,,,,
4587d358-edcd-425a-9ee6-6a6daff5cc93,0,SMS,+00:00,04/09/2026 18:27,04/09/2026 18:27,04/09/2026 18:27,04/09/2026 18:27,0:00:00,,CGI,3106-22747,,35.0427,36.0383,,963945290322,417018348025420,352875113425879,,,,963941677333,417015309640865,,,,963940000500,بشوفك المسا
c76fa75d-4dee-4383-b9a4-0f4832786e17,1,Voice,+00:00,04/09/2026 18:40,04/09/2026 18:40,04/09/2026 18:40,04/09/2026 18:40,0:00:19,,CGI,3107-22414,16,35.0084,35.9959,,963943636427,417018913218151,354046119931041,,,,963941601954,417019586402600,,,,,
1b0fe5d1-7a4a-4c52-af0e-8e155d1ead24,1,Voice,+00:00,04/09/2026 19:07,04/09/2026 19:09,04/09/2026 19:07,04/09/2026 19:09,0:01:47,,CGI,3106-22579,16,35.0874,36.1677,,963941770166,417010302133101,867548039382023,,,,963942213328,417016894494221,,,,,
1b0d42aa-2234-4457-a6c3-62e3108cf9db,1,Voice,+00:00,04/09/2026 19:13,04/09/2026 19:13,04/09/2026 19:13,04/09/2026 19:13,0:00:16,,CGI,3105-22181,16,35.0215,36.0378,,963940406971,417011575508014,359024104803397,,,,963949870316,417012956065719,,,,,
64b583a2-138f-411d-ae6b-f664addb3606,0,SMS,+00:00,04/09/2026 19:59,04/09/2026 19:59,04/09/2026 19:59,04/09/2026 19:59,0:00:00,,CGI,3103-21380,,34.9923,36.0234,,963947909101,417019090871998,356991086525300,,,,963943871344,417019954983483,,,,963940000500,شكرا كتير
eca85536-4f96-4806-be91-19b0affd3187,1,Voice,+00:00,04/09/2026 20:16,04/09/2026 20:16,04/09/2026 20:16,04/09/2026 20:16,0:00:11,,CGI,3102-21322,16,34.9862,36.0813,,963942679097,417018848402468,867548034030627,,,,963947131484,417014885342539,,,,,
f3bd3bc2-757c-4a8d-88fd-739ca00844d1,0,SMS,+00:00,04/09/2026 20:34,04/09/2026 20:34,04/09/2026 20:34,04/09/2026 20:34,0:00:00,,CGI,3104-21641,,34.9785,35.8945,,963943137655,417012179971001,356991084485101,,,,963946909382,417017225716130,,,,963940000500,عم استناك
d33ee36f-444c-4e06-896a-e9a133eff654,0,SMS,+00:00,04/09/2026 20:39,04/09/2026 20:39,04/09/2026 20:39,04/09/2026 20:39,0:00:00,,CGI,3107-22883,,35.0576,36.1237,,963942174691,417015428172361,352875113723083,,,,963947650981,417013257586142,,,,963940000500,عيد ميلاد سعيد
ff9c88b3-17bc-4182-a3c8-63e1cd15811b,1,SMS,+00:00,04/09/2026 20:45,04/09/2026 20:45,04/09/2026 20:45,04/09/2026 20:45,0:00:00,,CGI,3106-22069,,35.0633,36.2383,,963947586983,417014372051389,352875116214809,,,,963943305855,417010019116161,,,,963940000500,اتصل فيي لما تفضى
2e0704ed-31a5-45b0-91e2-ed4efb5e78d3,0,Voice,+00:00,04/09/2026 21:39,04/09/2026 21:40,04/09/2026 21:39,04/09/2026 21:40,0:00:38,,CGI,3105-22112,16,34.9843,36.1955,,963942146010,417011852306666,356991081665267,,,,963945018146,417011431172670,,,,,
0e3f7c3d-ce57-4356-a827-955246d2e4e4,0,SMS,+00:00,04/09/2026 22:12,04/09/2026 22:12,04/09/2026 22:12,04/09/2026 22:12,0:00:00,,CGI,3103-21471,,34.9912,35.9709,,963945446942,417017614845374,354046114008308,,,,963947131484,417014885342539,,,,963940000500,اتصل فيي لما تفضى
0e3f7c3d-ce57-4356-a827-955246d2e4e4,1,Voice,+00:00,04/09/2026 22:14,04/09/2026 22:16,04/09/2026 22:14,04/09/2026 22:16,0:01:51,,CGI,3101-21049,16,35.0699,36.2901,,963945446942,417017614845374,354046114008308,,,,963940406971,417011575508014,,,,,
1b0fe5d1-7a4a-4c52-af0e-8e155d1ead24,1,SMS,+00:00,04/09/2026 22:15,04/09/2026 22:15,04/09/2026 22:15,04/09/2026 22:15,0:00:00,,CGI,3103-21546,,34.9833,35.9373,,963941770166,417010302133101,867548039382023,,,,963943418570,417018814209003,,,,963940000500,رح اتأخر شوي
c76fa75d-4dee-4383-b9a4-0f4832786e17,0,SMS,+00:00,04/09/2026 23:42,04/09/2026 23:42,04/09/2026 23:42,04/09/2026 23:42,0:00:00,,CGI,3105-22112,,34.9809,36.1898,,963943636427,417018913218151,354046119931041,,,,963947474256,417014083071615,,,,963940000500,رح اتأخر شوي
a6d61102-2f27-4e83-aadf-c5325bd754a5,0,SMS,+00:00,05/09/2026 5:13,05/09/2026 5:13,05/09/2026 5:13,05/09/2026 5:13,0:00:00,,CGI,3106-22069,,35.0631,36.234,,963949288613,417012535581595,869123049893845,,,,963940827586,417017987986620,,,,963940000500,ما في رصيد
190b2560-729e-4dcf-83b8-d7c6749eb068,1,SMS,+00:00,05/09/2026 6:23,05/09/2026 6:23,05/09/2026 6:23,05/09/2026 6:23,0:00:00,,CGI,3106-22124,,34.9678,35.9215,,963946809321,417018688188439,354046112025734,,,,963943958164,417017840565303,,,,963940000500,اتصل فيي لما تفضى
176a0ec6-77f7-4bbb-85b1-a7ffef0a302f,0,SMS,+00:00,05/09/2026 6:28,05/09/2026 6:28,05/09/2026 6:28,05/09/2026 6:28,0:00:00,,CGI,3105-22786,,35.0624,36.2504,,963941845346,417019779993801,354046116340634,,,,963942909141,417012091494577,,,,963940000500,رد عالتلفون
c76fa75d-4dee-4383-b9a4-0f4832786e17,1,SMS,+00:00,05/09/2026 6:47,05/09/2026 6:47,05/09/2026 6:47,05/09/2026 6:47,0:00:00,,CGI,3105-22112,,34.9837,36.1894,,963943636427,417018913218151,354046119931041,,,,963949442375,417019645208782,,,,963940000500,الله يسلمك
3d0dc932-c4d7-4259-9192-c8e370eb05e7,0,Voice,+00:00,05/09/2026 6:49,05/09/2026 6:56,05/09/2026 6:49,05/09/2026 6:56,0:07:07,,CGI,3107-22622,16,35.0658,36.2619,,963945373316,417017012885706,867548030398341,,,,963943871344,417019954983483,,,,,
5355e9e6-ef1d-4297-a428-be63a78772d9,0,SMS,+00:00,05/09/2026 7:08,05/09/2026 7:08,05/09/2026 7:08,05/09/2026 7:08,0:00:00,,CGI,3106-22361,,35.0137,36.2831,,963946421062,417019503366575,359024104485252,,,,963946809321,417018688188439,,,,963940000500,حاضر
1b0d42aa-2234-4457-a6c3-62e3108cf9db,0,Voice,+00:00,05/09/2026 7:37,05/09/2026 7:38,05/09/2026 7:37,05/09/2026 7:38,0:00:56,,CGI,3105-22181,16,35.0259,36.0319,,963940406971,417011575508014,359024104803397,,,,963945301596,417018599958688,,,,,
1b0d42aa-2234-4457-a6c3-62e3108cf9db,0,Voice,+00:00,05/09/2026 7:38,05/09/2026 7:38,05/09/2026 7:38,05/09/2026 7:38,0:00:31,,CGI,3106-22124,16,34.9683,35.9205,,963940406971,417011575508014,359024104803397,,,,963945373316,417017012885706,,,,,
0e3f7c3d-ce57-4356-a827-955246d2e4e4,0,Voice,+00:00,05/09/2026 8:28,05/09/2026 8:28,05/09/2026 8:28,05/09/2026 8:28,0:00:40,,CGI,3103-21471,16,34.9906,35.967,,963945446942,417017614845374,354046114008308,,,,963949911541,417013988426866,,,,,
5355e9e6-ef1d-4297-a428-be63a78772d9,0,Voice,+00:00,05/09/2026 8:29,05/09/2026 8:34,05/09/2026 8:29,05/09/2026 8:34,0:04:35,,CGI,3104-21606,16,34.9792,35.8953,,963946421062,417019503366575,359024104485252,,,,963941833119,417018321472529,,,,,
2e0704ed-31a5-45b0-91e2-ed4efb5e78d3,1,Voice,+00:00,05/09/2026 8:33,05/09/2026 8:35,05/09/2026 8:33,05/09/2026 8:35,0:01:29,,CGI,3103-21471,16,34.989,35.9666,,963942146010,417011852306666,356991081665267,,,,963941845346,417019779993801,,,,,
821183fd-ddc9-4e21-a5d5-f8aa3beaf732,1,SMS,+00:00,05/09/2026 8:57,05/09/2026 8:57,05/09/2026 8:57,05/09/2026 8:57,0:00:00,,CGI,3107-22030,,35.0345,36.2883,,963948957527,417011528711466,356991087634630,,,,963942909141,417012091494577,,,,963940000500,الله يسلمك
ef2ed5ff-bca5-41da-8e64-8cabad94dce9,1,SMS,+00:00,05/09/2026 9:52,05/09/2026 9:52,05/09/2026 9:52,05/09/2026 9:52,0:00:00,,CGI,3102-21227,,35.0267,36.0919,,963943219528,417014127522114,359024104856247,,,,963947650981,417013257586142,,,,963940000500,وينك؟
ff9c88b3-17bc-4182-a3c8-63e1cd15811b,0,SMS,+00:00,05/09/2026 10:12,05/09/2026 10:12,05/09/2026 10:12,05/09/2026 10:12,0:00:00,,CGI,3106-22069,,35.0661,36.2357,,963947586983,417014372051389,352875116214809,,,,963946123682,417017474005709,,,,963940000500,جيب معك خبز
3d0dc932-c4d7-4259-9192-c8e370eb05e7,0,SMS,+00:00,05/09/2026 10:18,05/09/2026 10:18,05/09/2026 10:18,05/09/2026 10:18,0:00:00,,CGI,3101-21076,,35.0725,36.2387,,963945373316,417017012885706,867548030398341,,,,963940827586,417017987986620,,,,963940000500,مسا الخير
72c650fe-1ef7-42c9-9337-6699806267d0,1,Voice,+00:00,05/09/2026 10:25,05/09/2026 10:25,05/09/2026 10:25,05/09/2026 10:25,0:00:37,,CGI,3101-21076,16,35.0696,36.2425,,963948392313,417011944131148,869123046104220,,,,963945018146,417011431172670,,,,,
9043d84f-4251-4fbe-8ded-480c32b1b009,1,Voice,+00:00,05/09/2026 10:28,05/09/2026 10:35,05/09/2026 10:28,05/09/2026 10:35,0:07:36,,CGI,3106-22747,16,35.0478,36.0382,,963942213328,417016894494221,352875112734149,,,,963942214966,417019801625397,,,,,
1a7898b4-14db-41f5-bdc4-9103c678b7fb,0,SMS,+00:00,05/09/2026 10:55,05/09/2026 10:55,05/09/2026 10:55,05/09/2026 10:55,0:00:00,,CGI,3101-21010,,35.0708,36.301,,963947758023,417019486756567,358452079605078,,,,963946421062,417019503366575,,,,963940000500,وينك؟
f3bd3bc2-757c-4a8d-88fd-739ca00844d1,1,Voice,+00:00,05/09/2026 10:55,05/09/2026 10:57,05/09/2026 10:55,05/09/2026 10:57,0:01:51,,CGI,3103-21471,16,34.9932,35.97,,963943137655,417012179971001,356991084485101,,,,963940938346,417014224999172,,,,,
176a0ec6-77f7-4bbb-85b1-a7ffef0a302f,1,Voice,+00:00,05/09/2026 11:00,05/09/2026 11:05,05/09/2026 11:00,05/09/2026 11:05,0:04:41,,CGI,3105-22786,16,35.0658,36.2543,,963941845346,417019779993801,354046116340634,,,,963946170538,417012069112374,,,,,
c76fa75d-4dee-4383-b9a4-0f4832786e17,0,SMS,+00:00,05/09/2026 11:14,05/09/2026 11:14,05/09/2026 11:14,05/09/2026 11:14,0:00:00,,CGI,3107-22457,,35.0956,36.0159,,963943636427,417018913218151,354046119931041,,,,963949245673,417014076971019,,,,963940000500,اتصل فيي لما تفضى
1a7898b4-14db-41f5-bdc4-9103c678b7fb,0,SMS,+00:00,05/09/2026 12:06,05/09/2026 12:06,05/09/2026 12:06,05/09/2026 12:06,0:00:00,,CGI,3101-21010,,35.0721,36.3037,,963947758023,417019486756567,358452079605078,,,,963941846933,417016809846192,,,,963940000500,ما في رصيد
1b0d42aa-2234-4457-a6c3-62e3108cf9db,1,SMS,+00:00,05/09/2026 12:15,05/09/2026 12:15,05/09/2026 12:15,05/09/2026 12:15,0:00:00,,CGI,3105-22181,,35.0242,36.0348,,963940406971,417011575508014,359024104803397,,,,963948172281,417013319334753,,,,963940000500,شو الأخبار؟
81987214-4c91-40eb-a657-f9a439b1f264,0,Voice,+00:00,05/09/2026 12:15,05/09/2026 12:21,05/09/2026 12:15,05/09/2026 12:21,0:06:13,,CGI,3104-21567,16,34.9819,35.9319,,963949298757,417016403402345,352875112736813,,,,963945447315,417018840091971,,,,,
4587d358-edcd-425a-9ee6-6a6daff5cc93,1,Voice,+00:00,05/09/2026 12:48,05/09/2026 12:49,05/09/2026 12:48,05/09/2026 12:49,0:01:18,,CGI,3106-22747,16,35.0456,36.0366,,963945290322,417018348025420,352875113425879,,,,963946910761,417011756409564,,,,,
3d0dc932-c4d7-4259-9192-c8e370eb05e7,1,SMS,+00:00,05/09/2026 13:22,05/09/2026 13:22,05/09/2026 13:22,05/09/2026 13:22,0:00:00,,CGI,3106-22579,,35.0863,36.1678,,963945373316,417017012885706,867548030398341,,,,963948172281,417013319334753,,,,963940000500,شكرا كتير
155961c3-a2f7-4f23-9694-927e59b3d858,0,SMS,+00:00,05/09/2026 14:04,05/09/2026 14:04,05/09/2026 14:04,05/09/2026 14:04,0:00:00,,CGI,3107-22676,,34.9629,36.0787,,963946123682,417017474005709,358452075004169,,,,963949288613,417012535581595,,,,963940000500,صباح الخير
2e0704ed-31a5-45b0-91e2-ed4efb5e78d3,0,Voice,+00:00,05/09/2026 14:07,05/09/2026 14:13,05/09/2026 14:07,05/09/2026 14:13,0:06:10,,CGI,3106-22069,16,35.0685,36.2328,,963942146010,417011852306666,356991081665267,,,,963947650981,417013257586142,,,,,
5355e9e6-ef1d-4297-a428-be63a78772d9,1,Voice,+00:00,05/09/2026 14:34,05/09/2026 14:37,05/09/2026 14:34,05/09/2026 14:37,0:02:54,,CGI,3104-21606,16,34.9792,35.8963,,963946421062,417019503366575,359024104485252,,,,963948211056,417012959963638,,,,,
4587d358-edcd-425a-9ee6-6a6daff5cc93,0,SMS,+00:00,05/09/2026 15:33,05/09/2026 15:33,05/09/2026 15:33,05/09/2026 15:33,0:00:00,,CGI,3102-21344,,34.9936,36.0483,,963945290322,417018348025420,352875113425879,,,,963940672939,417014696258210,,,,963940000500,بكرا منشوف
8874ea83-6e32-4feb-9e57-d07217532512,1,Voice,+00:00,05/09/2026 16:02,05/09/2026 16:04,05/09/2026 16:02,05/09/2026 16:04,0:02:27,,CGI,3103-21546,16,34.9826,35.9371,,963945713879,417014969683889,359024106205401,,,,963946495100,417013914609204,,,,,
72c650fe-1ef7-42c9-9337-6699806267d0,1,SMS,+00:00,05/09/2026 16:28,05/09/2026 16:28,05/09/2026 16:28,05/09/2026 16:28,0:00:00,,CGI,3101-21076,,35.0675,36.2403,,963948392313,417011944131148,869123046104220,,,,963944136838,417016088137703,,,,963940000500,عيد ميلاد سعيد
ef2ed5ff-bca5-41da-8e64-8cabad94dce9,0,Voice,+00:00,05/09/2026 17:18,05/09/2026 17:25,05/09/2026 17:18,05/09/2026 17:25,0:07:02,,CGI,3102-21198,16,35.0404,36.122,,963943219528,417014127522114,359024104856247,,,,963949870316,417012956065719,,,,,
e1d560d7-d7f7-432d-9aea-f7ea0565f41b,1,SMS,+00:00,05/09/2026 17:31,05/09/2026 17:31,05/09/2026 17:31,05/09/2026 17:31,0:00:00,,CGI,3107-22676,,34.958,36.0788,,963949442375,417019645208782,352875115618109,,,,963941645822,417015603391876,,,,963940000500,شكرا كتير
2e0704ed-31a5-45b0-91e2-ed4efb5e78d3,0,SMS,+00:00,05/09/2026 17:42,05/09/2026 17:42,05/09/2026 17:42,05/09/2026 17:42,0:00:00,,CGI,3103-21471,,34.9901,35.9654,,963942146010,417011852306666,356991081665267,,,,963948392313,417011944131148,,,,963940000500,وصلت عالبيت
48ce0c9e-3aee-4250-b873-74d7f55cdf3f,1,SMS,+00:00,05/09/2026 17:58,05/09/2026 17:58,05/09/2026 17:58,05/09/2026 17:58,0:00:00,,CGI,3106-22704,,35.0566,36.1726,,963943418570,417018814209003,354046116559647,,,,963948358121,417011941381868,,,,963940000500,جيب معك خبز
190b2560-729e-4dcf-83b8-d7c6749eb068,0,SMS,+00:00,05/09/2026 17:59,05/09/2026 17:59,05/09/2026 17:59,05/09/2026 17:59,0:00:00,,CGI,3107-22457,,35.0948,36.0158,,963946809321,417018688188439,354046112025734,,,,963942909141,417012091494577,,,,963940000500,بكرا منشوف
1b0d42aa-2234-4457-a6c3-62e3108cf9db,0,SMS,+00:00,05/09/2026 18:00,05/09/2026 18:00,05/09/2026 18:00,05/09/2026 18:00,0:00:00,,CGI,3106-22124,,34.9639,35.9147,,963940406971,417011575508014,359024104803397,,,,963943871344,417019954983483,,,,963940000500,بكرا منشوف
5f45bb89-3bd4-411e-8982-9f56fde9bdc1,0,SMS,+00:00,05/09/2026 18:37,05/09/2026 18:37,05/09/2026 18:37,05/09/2026 18:37,0:00:00,,CGI,3106-22747,,35.0431,36.0386,,963943871344,417019954983483,359024100574240,,,,963940895047,417015491408313,,,,963940000500,شو الأخبار؟
f3794223-0e81-4140-b118-a760cef055cb,1,Voice,+00:00,05/09/2026 20:13,05/09/2026 20:14,05/09/2026 20:13,05/09/2026 20:14,0:00:23,,CGI,3105-22112,16,34.9802,36.1921,,963944231581,417014083378521,354046116245122,,,,963949870316,417012956065719,,,,,
96dc7ec0-0b89-41f3-a148-136cbb89e0e5,1,Voice,+00:00,05/09/2026 21:37,05/09/2026 21:37,05/09/2026 21:37,05/09/2026 21:37,0:00:13,,CGI,3106-22124,16,34.9658,35.9193,,963945301596,417018599958688,354046110891194,,,,963947131484,417014885342539,,,,,
72c650fe-1ef7-42c9-9337-6699806267d0,0,SMS,+00:00,05/09/2026 21:47,05/09/2026 21:47,05/09/2026 21:47,05/09/2026 21:47,0:00:00,,CGI,3101-21126,,35.0706,36.2072,,963948392313,417011944131148,869123046104220,,,,963940998084,417015731808808,,,,963940000500,ما في رصيد
3d0dc932-c4d7-4259-9192-c8e370eb05e7,0,SMS,+00:00,05/09/2026 22:16,05/09/2026 22:16,05/09/2026 22:16,05/09/2026 22:16,0:00:00,,CGI,3101-21076,,35.0683,36.2401,,963945373316,417017012885706,867548030398341,,,,963948244570,417017984072831,,,,963940000500,خلص اتفقنا
8874ea83-6e32-4feb-9e57-d07217532512,1,Voice,+00:00,05/09/2026 22:20,05/09/2026 22:21,05/09/2026 22:20,05/09/2026 22:21,0:00:52,,CGI,3103-21546,16,34.9849,35.9407,,963945713879,417014969683889,359024106205401,,,,963946909382,417017225716130,,,,,
821183fd-ddc9-4e21-a5d5-f8aa3beaf732,0,SMS,+00:00,05/09/2026 22:45,05/09/2026 22:45,05/09/2026 22:45,05/09/2026 22:45,0:00:00,,CGI,3107-22676,,34.9623,36.0794,,963948957527,417011528711466,356991087634630,,,,963949674869,417013376804725,,,,963940000500,خلص اتفقنا
7df4f6d4-a7e1-4e3e-b181-5b50a5cc85be,1,Voice,+00:00,05/09/2026 22:56,05/09/2026 22:59,05/09/2026 22:56,05/09/2026 22:59,0:03:00,,CGI,3102-21227,16,35.0265,36.0863,,963945447315,417018840091971,353289116179500,,,,963943636427,417018913218151,,,,,
1b0d42aa-2234-4457-a6c3-62e3108cf9db,1,Voice,+00:00,05/09/2026 23:00,05/09/2026 23:06,05/09/2026 23:00,05/09/2026 23:06,0:05:41,,CGI,3105-22181,16,35.0208,36.039,,963940406971,417011575508014,359024104803397,,,,963946254727,417016702712870,,,,,
8f093db3-e899-4455-bc78-1136d002e8bf,0,Voice,+00:00,05/09/2026 23:07,05/09/2026 23:08,05/09/2026 23:07,05/09/2026 23:08,0:00:21,,CGI,3106-22361,16,35.0187,36.2864,,963948141114,417018935510843,358452077867720,,,,963940827586,417017987986620,,,,,
81999f14-2bdc-4b47-8e79-762471b757c6,0,SMS,+00:00,05/09/2026 23:19,05/09/2026 23:19,05/09/2026 23:19,05/09/2026 23:19,0:00:00,,CGI,3104-21567,,34.9803,35.9254,,963946053216,417010388557871,352875110662367,,,,963942698367,417018878079078,,,,963940000500,شو الأخبار؟
81999f14-2bdc-4b47-8e79-762471b757c6,1,SMS,+00:00,05/09/2026 23:51,05/09/2026 23:51,05/09/2026 23:51,05/09/2026 23:51,0:00:00,,CGI,3102-21285,,35.0168,36.0996,,963946053216,417010388557871,352875110662367,,,,963945301596,417018599958688,,,,963940000500,الكهربا مقطوعة
